row/col,DL,DL,AM,AF,AZ,MU,G3,KL,KE,QJ,VS,VA,UX,KQ,ME,SV,RO,SU,AR,CI,CZ,CQ,GA,VN,MF,HA,WS,XK,MK,SB,CE,CM,JL,QJ,MH,DT,HV,T7,PS,JU,EY,NH,AC,PG,CX,KA,PC,HX,JQ,QF,SA,NZ,AA,AS,EK,TP,OS,QR,SQ,MI,HU,BA,AY,IB,JJ,LA,RJ,S7,UL,GF,EI,IG,JL,O6,NT,I9,AT,TA,4O,TBD,FI,DC,DE,KS,7H,B6,HM,OZ,SN,SK,PR,PR,WY,UA
SU,F:1.5;P:1.5;A:1.25;G:1;C:1.75;J:1.75;D:1.5;I:1.5;Z:1.25;W:1;B:.75;H:.75;M:.75;S:.75;Y:.75;K:.5;L:.5;Q:.5;T:.5;U:.5;V:.25;X:.25;,,J:2;C:1.5;D:1.5;B:1.5;M:1.5;U:1.5;Y:1.5;E:1;H:1;K:1;L:1;Q:1;T:1;N:.75;R:.75;V:.75;W:.75;,F:3;P:3;C:1.5;D:1.5;I:1.5;J:1.5;Z:1.25;S:1.25;W:1.25;A:1;B:1;Y:1;M:.75;U:.75;H:.5;K:.5;L:.5;Q:.5;E:.25;G:.25;N:.25;R:.25;T:.25;V:.25;,C:1.5;D:1.5;J:1.5;E:1.25;I:1.25;A:1.1;P:1.1;B:1;Y:1;H:.5;K:.5;M:.5;V:.5;L:.25;N:.25;Q:.25;S:.25;T:.25;W:.25;X:.25;,F:1.5;P:1.5;U:1.5;P4:1;C:1.3;D:1.3;I:1.3;J:1.3;Q:1.3;W:1.1;B:1;E:1;H:1;M:1;Y:1;K:.5;L:.5;N:.5;R:.5;S:.5;V:.5;T:.3;,,C:1.5;D:1.5;I:1.5;J:1.5;Z:1.25;B:1;Y:1;F:.75;M:.75;P:.75;U:.75;W:.75;A:.5;H:.5;K:.5;L:.5;Q:.5;S:.5;E:.25;G:.25;N:.25;R:.25;T:.25;V:.25;,R:2;F:1.5;P:1.5;C:1.25;D:1.25;I:1.25;J:1.25;Z:1;B:1;E:1;H:1;K:1;M:1;W:1;Y:1;,,,,C:1.5;D:1.5;J:1.5;I:1;B:1;E:1;H:1;K:1;L:1;M:1;V:1;Y:1;Q:.5;R:.5;S:.5;T:.5;U:.5;A:.25;N:.25;P:.25;,C:1.25;I:1.25;J:1.25;Z:1.25;B:1;E:1;H:1;K:1;L:1;M:1;N:1;Q:1;R:1;S:1;T:1;U:1;Y:1;,C:1.5;D:1.5;J:1.5;I:1;Z:1;B:1;Y:1;H:.75;K:.75;L:.75;M:.75;U:.75;N:.5;Q:.5;T:.5;,A:2;F:2;P:2;C:1.5;D:1.5;I:1.5;J:1.5;Y:1;B:.75;E:.75;H:.75;K:.75;M:.75;Q:.75;T:.75;G:.5;L:.5;N:.5;U:.5;V:.5;,C:2;D:2;I:2;J:2;Y:1.5;B:1;M:1;G:.75;H:.75;K:.75;R:.75;U:.75;E:.5;L:.5;N:.5;Q:.5;S:.5;T:.5;V:.5;,CF:2.5;DF:2.5;JF:2.5;IF:2;ZF:2;CC:2;DC:2;JC:2;IC:1.5;ZC:1.5;AF:2;SF:2;WF:2;AC:1.5;SC:1.5;WC:1.5;BF:2;HF:2;KF:2;LF:2;MF:2;UF:2;YF:2;EF:1.5;NF:1.5;QF:1.5;TF:1.5;BC:1.5;HC:1.5;KC:1.5;LC:1.5;MC:1.5;UC:1.5;YC:1.5;EC:1;NC:1;QC:1;TC:1;BV:1.25;HV:1.25;KV:1.25;LV:1.25;MV:1.25;UV:1.25;YV:1.25;EV:.7;NV:.7;QV:.7;TV:.7;PS:.2;RS:.2;,C:1.5;D:1.5;I:1.5;J:1.5;S:1.5;W:1.5;B:1;H:1;K:1;L:1;M:1;Q:1;U:1;Y:1;A:.5;E:.5;G:.5;N:.5;R:.5;T:.5;V:.5;,F:1.5;J:1.3;C:1.25;D:1.15;U:1.15;W:1.15;E:1;B:1;M:1;Y:1;K:.8;T:.8;V:.8;H:.5;N:.5;Q:.5;R:.5;,F:1.5;P:1.5;C:1.3;D:1.3;J:1.3;I:1;W:1.1;S:.5;B:1;H:1;M:1;Y:1;A:.4;E:.4;K:.4;L:.4;Q:.4;U:.4;V:.4;,C:2;J:2;D:1.5;B:1;H:1;K:1;M:1;T:1;Y:1;A:.5;G:.5;L:.5;Q:.5;U:.5;X:.5;,A:1.5;F:1.5;P:1.3;C:1.25;D:1.25;I:1.25;J:1.25;W:1;B:1;Y:1;K:.5;M:.5;N:.5;Q:.25;T:.25;,C:2;J:2;D:1.5;W:1;Z:1;M:1;Y:1;B:.75;H:.75;K:.75;L:.75;S:.75;Q:.5;,A:2;F:2;C:1.5;D:1.5;I:1.5;J:1.5;B:1;H:1;L:1;M:1;Y:1;K:.5;N:.5;Q:.5;V:.5;,,,,,,,,,,,,,,,,,,,,,,,,,,,,,,,,,,,,,,,,,,,,,,,,,,,,,,,,,,,,,,,,,,,,,
AR,F:1.5;P:1.5;A:1.25;G:1;J:1.25;C:1.25;D:1.25;I:1.25;Z:1;W:1;Y:1;B:1;M:.75;S:.5;H:.5;Q:.5;K:.5;L:.25;U:.25;T:.25;X:.25;V:.25;,,J:2;C:2;D:1.5;I:1.5;Y:1;B:1;M:1;U:1;K:1;H:1;L:1;Q:1;T:1;E:1;N:.5;R:.5;V:.5;Wÿ:.5;,P:3;F:3;J:1.25;C:1.25;D:1.25;I:1.25;Z:1.25;W:1.25;S:1.25;A:1.25;Full:1;::1;Y:1;B:1;M:1;U:.75;K:.75;H:.5;L:.5;Q:.5;T:.2;E:.2;N:.2;G:.2;R:.2;E:.2;V:.2;,J:1.5;C:1.5;D:1.5;I:1.5;E:1.5;P:1.25;A:1.25;Y:1;B:1;M:1;H:1;K:1;V:1;T:1;N:.5;S:.5;Q:.5;X:.5;,F:1.5;U:1.5;P:1.5;J:1.3;C:1.3;D:1.3;I:1.3;W:1.1;Y:1;B:1;M:1;E:1;H:1;K:.5;L:.5;N:.5;R:.5;S:.5;V:.5;T:.5;T:.3;,C:1.25;D:1.25;Y:1;S:1;K:1;M:1;H:1;Q:1;L:1;V:1;T:1;J:1;W:1;F:1;B:1;P:.5;E:.5;U:.5;N:.5;A:.5;,J:1.25;C:1.25;D:1.25;I:1.25;Z:1.25;Y:1;B:1;M:1;U:.75;K:.75;W:.75;P:.75;F:.75;H:.5;L:.5;Q:.5;S:.5;A:.5;T:.2;E:.2;N:.2;G:.2;R:.2;V:.2;,R:2;P:1.65;F:1.5;J:1.35;C:1.25;D:1.25;I:1.25;Z:1;Y:1;B:1;M:1;S:1;H:1;E:1;K:.5;L:.5;U:.5;Q:.5;,,,,J:1.25;C:1.25;D:1.25;I:1;Y:1;B:1;M:1;ÿL:.75;E:.75;K:.75;V:.75;H:.75;S:.5;R:.5;ÿÿU:.25;T:.25;Q:.25;,J:1.5;C:1.5;D:1.5;I:1.5;Z:1.5;Y:1;B:1;M:1;U:1;K:1;H:1;L:1;Q:1;E:1;N:1;R:1;T:1;V:.5;G:.5;,J:1.25;C:1.25;D:1.25;I:1.25;Z:1.25;Y:1;B:1;M:1;U:1;K:1;H:1;L:1;Q:1;T:.5;N:.5;R:.5;V:.5;,F:2;P:2;A:2;J:1.5;C:1.5;D:1.5;I:1.5;Y:1;E:.75;B:.75;M:.75;K:.75;H:.75;Q:.75;T:.5;L:.5;N:.5;V:.5;G:.5;U:.5;,J:1.5;C:1.5;D:1.5;I:1.5;Y:1.25;B:1;M:1;U:1;K:.5;G:.5;H:.5;N:.5;L:.5;Q:.5;R:.5;T:.5;V:.5;E:.5;S:.5;,J:1.5;C:1.5;D:1.5;I:1;Z:1;W:1;S:1;A:1;Y:1;B:1;M:1;U:1;K:1;H:.5;L:.5;Q:.5;T:.5;E:.5;N:.5;,A:.25;E:.25;G:.25;N:.25;R:.25;T:.25;V:.25;H:1;K:1;L:1;Q:1;U:1;B:1.25;M:1.25;Y:1.25;C:1.5;D:1.5;I:1.5;J:1.5;S:1.5;W:1.5;,F:1.5;J:1.3;C:1.25;D:1.15;W:1.15;U:1.15;E:1;Y:1;B:1;M:1;K:.8;V:.8;T:.8;R:.5;Q:.5;H:.5;N:.5;,F:1.5;P:1.5;W:1.1;J:1.3;C:1.3;D:1.3;Y:1;B:1;M:1;H:1;K:1;I:1;U:.4;L:.4;E:.4;Q:.4;S:.4;,J:1.5;C:1.5;D:1.5;Y:1;M:1;B:1;H:1;K:1;T:1;A:.5;L:.5;X:.5;Q:.5;U:.5;,F:1.75;A:1.75;J:1.5;C:1.5;D:1.5;I:1.5;Y:1;B:1;M:.75;K:.75;N:.75;Q:.25;T:.25;,J:1.25;C:1.25;D:1;W:1;Z:1;Y:1;B:.75;M:.75;S:.75;H:.5;K:.5;L:.5;Q:.5;,P:1.5;F:1.5;A:1.5;J:1.3;C:1.3;D:1.3;I:1;Y:1;B:1;M:1;L:1;H:1;K:.5;N:.5;Q:.5;V:.5;,,,,,,,,,,,,,,,,,,,,,,,,,,,C:1.25;D:1.25;J:1.25;Z:1.25;A:1;E:1;O:1;U:1;Y:1;B:1;H:1;M:1;Q:1;T:.5;V:.5;W:.5;,,,,,,,,,,,,,,,,,,,,,,,,,,,,,,,,,,,,,,,,,,
AM,F:2;P:1.75;A:1.75;G:1.5;J:2;C:1.5;D:1.5;I:1.5;Z:1.25;W:1.5;Y:1.25;B:1.25;M:1.25;S:1;H:1;Q:1;K:1;L:1;U:.5;T:.5;X:.5;V:.25;E:.25;,,C:2;J:2;I:1.5;D:1.5;M:1.25;B:1.25;Y:1.25;T:1;Q:1;L:1;H:1;K:1;U:1;E:1;A:.5;W:.5;V:.5;R:.5;N:.5;,P:1.5;F:1.5;J:1.25;C:1.25;D:1.25;I:1.25;Z:1.25;W:1.25;S:1.25;A:1;Y:1;B:1;M:.75;U:.75;K:.5;H:.5;L:.5;Q:.5;T:.2;E:.2;N:.2;G:.2;R:.2;V:.2;,J:2;C:2;D:2;I:2;E:2;P:1.5;A:1.5;Y:2;B:2;M:2;H:2;K:2;V:2;T:2;N:.5;S:.5;Q:.5;X:.5;,F:1.5;p:1.5;J:1.3;C:1.3;D:1.3;I:1.3;W:1.1;Y:1;B:1;M:1;E:1;H:1;K:.5;L:.5;N:.5;R:.5;S:.5;V:.5;T:.5;,,J:1.25;C:1.25;D:1.25;I:1.25;Z:1.25;Y:1;B:1;M:.75;U:.75;W:.75;P:.75;F:.75;K:.5;Q:.5;H:.5;L:.5;S:.5;A:.5;T:.2;E:.2;N:.2;G:.2;R:.2;V:.2;,P:2;F:1.65;J:1.35;C:1.25;D:1.25;I:1.25;R:1.25;Z:1;W:1;Y:1;B:1;M:1;S:1;H:1;E:1;K:1;L:1;U:1;,,,,J:1.5;C:1.5;D:1.25;I:1.25;Y:1;B:1;M:1;L:.5;E:.5;K:.5;V:.5;H:.5;S:.5;R:.25;U:.25;T:.25;Q:.25;P:.25;,C:1.25;I:1.25;J:1.25;Z:1.25;E:1;H:1;K:1;L:1;M:1;N:1;Q:1;R:1;S:1;T:1;U:1;Y:1;B:1;,,F:2.5;P:2.5;A:2;R:2;J:1.75;C:1.5;D:1.5;I:1.5;Y:1;W:1;O:1;B:.75;M:.75;K:.75;H:.75;T:.75;Q:.5;L:.5;X:.5;V:.5;G:.5;,J:1.5;C:1.5;D:1.5;I:1.5;Y:1.25;B:1;M:1;U:1;K:.5;R:.5;H:.5;G:.5;L:.5;Q:.5;N:.5;T:.5;V:.5;S:.5;E:.5;,J:1.5;C:1.5;D:1.5;I:1.25;Z:1.25;W:1.25;S:1.25;A:1.25;Y:1.25;B:1.25;M:1;U:1;K:1;H:1;L:1;Q:.75;T:.75;E:.75;N:.75;,J:1.2;C:1.2;D:1.2;I:1.2;W:1.2;S:1.2;Y:1;B:1;M:1;U:1;K:1;H:1;L:1;Q:1;T:.5;E:.5;N:.5;V:.5;A:.5;R:.5;G:.5;,F:1.5;J:1.3;C:1.25;D:1.15;W:1.15;U:1.15;E:1;Y:1;B:1;M:1;K:.8;V:.8;T:.8;R:.5;Q:.5;H:.5;N:.5;,F:1.5;J:1.3;C:1.3;D:1.3;I:1;W:1.1;Y:1;B:1;M:1;H:1;K:1;P:1;U:.4;L:.4;Q:.4;E:.4;S:.4;A:.4;,J:1.5;D:1.5;C:1.5;Y:1;M:1;B:1;H:1;K:1;T:1;G:.5;L:.5;X:.5;Q:.5;U:.5;A:.5;,F:1.5;A:1.5;J:1.25;C:1.25;D:1.25;I:1.25;W:1;Y:1;B:1;M:.5;K:.5;N:.5;,J:1.25;C:1.25;D:1;W:1;Z:1;Y:1;B:1;M:1;S:.75;H:.75;K:.75;L:.75;Q:.75;,P:1.5;F:1.5;A:1.5;J:1.3;C:1.3;D:1.3;I:1;H:1;Y:1;B:1;M:1;L:1;K:.5;N:.5;Q:.5;V:.5;,,,,,,,,,,,,,,,,,,,,,,,,,,,,,,,,,,,,,,,,,,,,,,,,,,,,,,,,,,,,,,,,,,,,,
AF,C:1.75;J:1.75;D:1.5;I:1.5;Z:1.25;P:2;A:1.75;G:1.25;W:1.25;Y:1;B:1;M:1;Q:.5;K:.5;L:.5;U:.25;T:.25;X:.25;V:.25;E:.25,,J:1.75;C:1.75;D:1.25;I:1.25;Y:1;B:1;M:1;W:.25;U:.5;H:.5;K:.5;L:.5;Q:.5;T:.5;E:.25;V:.25;N:.25;R:.25;,[4],J:2;C:2;D:2;I:2;E:2;A:1.5;P:1.5;Y:1;B:1;M:1;H:1;K:.5;V:.5;T:.5;N:.5;S:.5;Q:.5;X:.5;W:.25;O:.25;L:.25;G:.25;F:.25,F:1.5;U:1.5;P:1.25;J:1.25;C:1.25;D:1.25;I:1.25;Q:1.25;W:1.1;Y:1;B:1;E:.75;H:.75;M:.75;L:.5;N:.5;R:.5;S:.5;V:.5;K:.5;T:.3,C:1.25;D:1.25;Y:1;S:1;K:1;H:1;M:1;Q:1;L:1;V:1;F:1;B:1;T:.75;J:.75;W:.75;E:.5;P:.5;U:.5;A:.5;N:.5,[4],P:1.75;F:1.5;J:1.25;C:1.25;D:1.25;I:1.25;R:1.25;Z:1;Y:1;B:1;W:1;M:.75;H:.5;E:.5;S:.5;U:.2;K:.2;Q:.2;T:.2;N:.2;L:.2;,,,,J:1;C:1;D:1;I:1;Y:1;B:1;M:1;L:.5;E:.5;K:.25;V:.25;H:.25;S:.25;R:.25;U:.25;T:.25;Q:.25;P:.15;A:.15;N:.15;Z:.15;W:.15;G:.15;F:.15,J:1.75;C:1.5;D:1.5;I:1.5;Z:1.25;Y:1;B:1;M:1;U:.75;K:.75;H:.75;L:.5;Q:.5;T:.5;R:.5;E:.5;N:.5;G:.25;V:.25;W:.25,J:1.5;C:1.5;D:1.5;I:1.5;Z:1.5;Y:1;M:1;B:1;K:.75;U:.75;H:.5;L:.5;Q:.5;T:.25;V:.25;N:.25;R:.25,P:2.5;F:2.5;A:2;J:1.75;C:1.5;D:1.5;I:1.5;Y:1;B:.75;M:.75;K:.75;E:.75;Q:.5;L:.5;U:.5;H:.5;T:.5;V:.25;N:.25;G:.25,J:2;C:2;D:1.5;I:1.5;Y:1.25;B:1;M:1;K:.75;U:.75;L:.5;Q:.5;R:.5;E:.25;G:.25;H:.25;N:.25;T:.25;V:.25;S:.25,,J:1.25;C:1.25;D:1.25;I:1.25;W:1.25;S:1.25;Y:1;B:1;M:1;K:.75;U:.75;Q:.5;H:.5;L:.5;V:.25;N:.25;G:.25;A:.25;R:.25;T:.25;E:.25;,J:1.3;C:1.25;D:1.15;W:1.15;U:1.15;E:1;Y:1;B:1;M:1;K:.8;V:.8;T:.8;R:.5;Q:.5;H:.5;N:.5,F:1.5;C:1.3;D:1.3;J:1.3;I:1;W:1.1;S:.4;L:.4;E:.4;Q:.4;U:.4;A:.4;Y:1;H:1;B:1;M:1;K:1;P:1,J:1.75;C:1.75;D:1.5;I:1.25;Y:1;M:1;B:.75;H:.75;K:.75;T:.75;X:.4;Q:.4;L:.4;G:.4;A:.25;U:.25,,,F:1.5;A:1.5;J:1.5;C:1.5;D:1.5;I:1.3;Y:1;B:1;L:1;M:1;H:1;K:.75;N:.75;Q:.75;V:.25,,K:1;W:1;H:1;Y:1;B:1;V:1;Q:.75;L:.75;M:.5;P:.5;G:.5;X:.2;D:.2;I:.2;C:.2,J:2;W:2;S:2;K:.5;L:.5;Q:.5;A:.8;Y:.8;B:.8;D:.8;M:.8;U:.8;H:.8;T:.25;E:.25;N:.25;R:.25;V:.25;X:.25,J:1.5;D:1.5;C:1.5;R:1.5;I:1.5;W:1.25;A:1.25;Y:1;K:.75;H:.75;T:.5;U:.5;V:.5;S:.5;L:.5;Q:.25;M:.25;O:.25;X:.25;G:.25;B:.25;E:.25,J:1.75;D:1.5;Z:1.25;Y:1;B:1;S:1;H:.5;K:.5;R:.5;L:.5;G:.25;M:.25;U:.25;Q:.25;V:.25;T:.25,Y:1;S:1;U:.75;H:.5;Q:.25,C:1.5;D:1.5;J:1.5;Y:1;B:1;M:1;H:1;K:.75;V:.75;U:.75;Q:.75;S:.75;O:.75;W:.75;T:.25;L:.25;A:.25;E:.25,F:1.5;A:1.5;C:1.25;J:1.25;D:1.25;X:1.25;I:.7;Y:1;B:1;H:.7;K:.7;M:.7;L:.5;V:.5;S:.5;O:.5;G:.5;R:.5,F:1.3;A:1.3;C:1.25;I:1.25;J:1.25;Z:1.25;P:1.25;Y:1;M:1;T:1;U:.75;N:.5;Q:.5;L:.5;S:.25,F:1.5;A:1.5;J:1.25;C:1.25;D:1.25;Z:1.25;Y:1;B:1;H:1;K:.5;M:.5;L:.25;V:.25;S:.25,F:3;A:3;C:1.5;D:1.5;Z:1.5;Y:1;S:1;B:1;L:1;M:1;N:1;H:1;Q:1,{25},Y:1;S:1;L:1,C:1.5;Z:1.5;D:1.5;F:1.1;W:1.1;Y:1.1;P:1;S:1.1;E:1.1;K:1.1;H:1;L:1;V:1;Q:.5;M:.5;N:.5;B:.1,,,,, ,,,,,,,,,,,,,,,,,,,,,,,,,,,,,,,,,,,,,,,,,,,,,,,,,,
SB,,,,,,,,,,,,,,,,,,,,,,,,,,,,,,,,,,,,,,,,,,,,,,,,,,,,,,,,,,,,,,,,,,,,,,,,,,,,,,,,,,,,,,,,,,,,,,
XK,,,,,,,,,,,,,,,,,,,,,,,,,,,,,,,,,,,,,,,,,,,,,,,,,,,,,,,,,,,,,,,,,,,,,,,,,,,,,,,,,,,,,,,,,,,,,,
UX,F:2;P:2;A:2;G:1.75;J:1.75;C:1.5;D:1.5;I:1.5;Z:1.25;Y:1;B:1;M:1;S:.75;H:.75;Q:.75;K:.75;L:.5;U:.5;T:.5;V:.25;E:.25;,,J:1.5;C:1.5;D:1.25;I:1.25;Y:1;B:1;M:1;K:.5;H:.5;L:.5;U:.5;T:.5;Q:.5;E:.25;N:.25;R:.25;V:.25;W:.25;,,J:1.5;C:1.5;D:1.5;I:1.5;E:1.5;A:1.25;P:1.25;Y:1;B:1;M:1;H:1;K:1;V:1;T:1;N:.5;S:.5;Q:.5;X:.5;O:.25;L:.25;G:.25;W:.25;,F:1.5;P:1.5;U:1.5;P:1;J:1.25;C:1.25;D:1.25;I:1.25;W:1.1;Y:1;B:1;M:1;E:1;H:1;K:.5;L:.5;N:.5;R:.5;S:.5;V:.5;T:.3;,,,,,,,[6],J:1.75;C:1.5;D:1.5;I:1.5;Z:1.25;Y:1;B:1;M:1;U:.75;K:.75;H:.75;L:.5;Q:.5;T:.5;R:.5;E:.5;N:.5;G:.25;V:.25;,J:1.5;C:1.5;D:1.5;I:1;Z:1;Y:1;B:1;M:1;U:1;K:1;H:1;L:.5;ÿ:.5;Q:.5;T:.5;N:.25;R:.25;V:.25;,Fÿ:1.75;P:1.6;A:1.6;J:1.5;Cÿ:1.5;D:1.25;I:1.25;Y:1;B:1;M:1;Lÿ:1;Q:.5;E:.25;K:.25;H:.25;U:.25;T:.25;N:.25;V:.25;G:.25;,J:1.5;C:1.5;D:1.5;I:1.5;Y:1;B:1;M:1;U:1;ÿK:.5;R:.5;H:.5;G:.5;ÿL:.25;Q:.25;N:.25;T:.25;V:.25;S:.25;E:.25;,J:1.5;C:1.5;D:1.5;I:1;Z:1;W:1;S:1;A:1;Y:1;B:1;M:.5;U:.5;K:.5;H:.5;L:.5;Q:.25;T:.25;E:.25;N:.25;,J:1.25;C:1.25;D:1.25;I:1.25;W:1.25;S:1.25;Y:1;B:1;M:1;U:1;K:1;H:1;L:1;Q:1;T:.5;E:.5;N:.5;V:.5;A:.5;R:.5;G:.5;,J:1.3;C:1.25;D:1.15;W:1.15;U:1.15;E:1;Y:1;B:1;M:1;K:.8;V:.8;T:.8;R:.25;Q:.25;H:.25;N:.25;,F:1.5;P:1.5;C:1.3;D:1.3;J:1.3;I:1;W:1.1;S:.4;Y:1;B:1;M:1;H:1;K:1;U:.4;L:.4;Q:.4;E:.4;A:.4;,J:1.5;C:1.5;D:1.5;I:1;Y:1;M:1;B:1;H:1;K:1;T:.7;A:.5;L:.5;Q:.4;U:.4;X:.4;,F:1.5;A:1.5;J:1.25;C:1.25;D:1;I:1;Y:1;B:1;M:.5;K:.5;N:.5;,J:1.5;C:1.25;D:1.25;I:1.25;W:1.25;Z:1.25;U:1.25;Y:1;M:1;H:.75;B:.5;K:.5;L:.5;Q:.25;,F:1.75;A:1.75;J:1.5;C:1.5;D:1.5;I:1;Y:1;B:1;M:1;L:1;H:1;K:.5;N:.5;Q:.5;Vÿ:.5;O:.5;X:.5;,,,,,,,,,,,,,,,,,,,,,,,,,,,,,,,,,,,,,,,,,,,,,,,,,,,,,,,,,,,,,,,,,,,,,
MK,,,,,,,,,,,,,,,,,,,,,,,,,,,,,,,,,,,,,,,,,,,,,,,,,,,,,,,,,,,,,,,,,,,,,,,,,,,,,,,,,,,,,,,,,,,,,,
AZ,E:.5;L:.5;T:.5;U:.5;X:.5;V:.5;S:.75;H:.75;Q:.75;K:.75;Y:1;B:1;M:1;W:1.25;G:1.25;D:1.5;I:1.5;Z:1.5;,,E:.5;N:.5;R:.5;V:.5;W:.5;U:1;K:1;H:1;L:1;Q:1;T:1;Y:1;B:1;M:1;D:1.5;I:1.5;J:2;C:2;,K:.5;H:.5;L:.5;Q:.5;T:.5;Y:1;B:1;M:1;U:1;W:1.5;S:1.5;A:1.5;J:2;C:2;D:2;I:2;Z:2;P:2;F:2;,[3],T:.3;L:.5;N:.5;R:.5;S:.5;V:.5;K:.5;Y:1;B:1;E:1;H:1;M:1;W:1;J:1.25;C:1.25;D:1.25;I:1.25;,T:1;U:1;J:1;W:1;P:1;E:1;Y:1;S:1;K:1;M:1;H:1;Q:1;L:1;F:1;V:1;C:1.5;D:1.5;,E:.25;N:.25;R:.25;V:.25;G:.25;K:.5;H:.5;L:.5;Q:.5;S:.5;A:.5;W:.5;T:.5;Y:1;B:1;M:1;U:1;J:2;C:2;D:2;I:2;Z:2;,S:.5;H:.5;E:.5;K:.5;Y:1;B:1;M:1;W:1;Z:1;J:1.25;C:1.25;D:1.25;I:1.25;R:1.25;P:1.5;F:1.5;,,,M:.25;S:.25;U:.25;T:.5;Q:.5;V:.5;N:.5;E:.5;G:.5;Y:1;B:1;L:1;K:1;H:1;W:1.25;R:1.25;O:1.25;J:2;C:2;D:2;I:2;,P:.25;A:.25;N:.25;F:.25;S:.5;R:.5;T:.5;Q:.5;Y:1;B:1;M:1;L:1;E:1;K:1;V:1;H:1;C:1.5;D:1.5;I:1.5;J:1.5;,J:1.75;C:1.5;I:1.5;D:1.5;Z:1.25;Y:1;B:1;M:1;U:.75;K:.75;H:.75;L:.5;Q:.5;T:.5;R:.5;E:.5;N:.5;G:.25;V:.25;W:.25;,H:.5;T:.5;L:.5;Q:.5;Y:1;K:1;B:1;M:1;U:1;J:1.5;D:1.5;Z:1.5;C:1.5;I:1.5;,U:.5;E:.5;B:.5;M:.5;K:.5;H:.5;L:.5;T:.5;V:.5;N:.5;Gÿ:.5;Q:.75;Y:1;F:1.25;P:1.25;A:1.25;J:1.25;C:1.25;D:1.25;I:1.25;,L:.5;Q:.5;N:.5;T:.5;R:.5;H:.5;G:.5;V:.5;B:1;M:1;K:1;U:1;Y:1.5;C:2;D:2;J:2;I:2;,J:1.5;C:1.5;D:1.5;i:1.25;Z:1.25;W:1.1;S:1.1;A:1.1;Y:1;B:1;M:.5;U:.5;K:.5;H:.5;Q:.25;T:.25;E:.25;N:.25;L:.25,T:.5;E:.5;N:.5;V:.5;A:.5;R:.5;G:.5;Y:1;B:1;M:1;U:1;K:1;H:1;L:1;Q:1;I:1.25;W:1.25;S:1.25;J:1.5;C:1.5;D:1.5;,K:.5;V :.5;T:.5;R:.5;Q:.5;H:.5;N:.5;Y:1;B:1;M:1;W:1;U:1;E:1;J:1.25;C:1.25;D:1.25;,A:.4;U:.4;L:.4;E:.4;Q:.4;S:.4;Y:1;B:1;M:1;H:1;K:1;P:1;W:1.1;I:1;J:1.3;C:1.3;D:1.3;F:1.5;,G:.5;U:.5;L:.5;X:.5;Q:.5;A:.5;T:.5;Y:1;M:1;B:1;H:1;K:1;J:2;C:2;D:2;,M:.5;K:.5;N:.5;Q:.5;T:.5;Y:1;B:1;W:1;J:1.25;C:1.25;D:1.25;I:1.25;,H:.5;L:.5;Q:.5;K:.5;B:.5;Y:1;M:1;S:1;W:1;Z:1;U:1;C:1.25;J:1.25;D:1.25;I:1.25;,N:.5;K:.5;Q:.5;V:.5;Y:1;B:1;L:1;M:1;H:1;J:1.25;C:1.25;D:1.25;I:1.25;F:1.5;Aÿ:1.5;ÿ:1.5;,,,,,,,,,K:.25;H:.25;V:.25;O:.25;W:.25;B:.25;N:.5;L:.5;Q:.5;S:.5;Y:1;M:1;T:1;U:1;C:1.5;J:1.5;Z:1.5;I:1.5;P:1.5;F:2;A:2;,K:.5;M:.5;Y:1;B:1;H:1;C:1.25;J:1.25;D:1.25;Z:1.25;F:1.5;A:1.5;,,,,,Q:.5;L:.5;V:.5;U:.5;E:.5;T:.5;Y:1;B:1;H:1;K:1;M:1;J:1.5;C:1.5;D:1.5;W:1.5;,E:.5;U:.5;V:.5;L:.5;Q:.5;G:.5;M:.75;K:.75;H:1;B:1;Y:1;W:1.3;D:1.3;Z:1.3;C:1.75;J:1.75;R:1.8;A:2.5;F:2.5;P:4;,,,,,,,,,,,,,,,,,,,,,,,,,,,,,,,,,,,,,,,,,,,,,,,,,,,,,
CE,,,,,,,,,,,,,,,,,,,,,,,,,,,,,,,,,,,,,,,,,,,,,,,,,,,,,,,,,,,,,,,,,,,,,,,,,,,,,,,,,,,,,,,,,,,,,,
CI,F:1;P:1;A:1;G:1;J:1;C:1;D:1;I:1;Z:1;W:1;Y:1;B:1;M:1;S:.5;H:.5;Q:.5;K:.5;L:.5;U:.5;T:.25;X:.25;V:.25;E:.25;,,J:2;C:2;D:1.5;I:1.5;Y:1.25;B:1.25;M:1.25;U:1;K:1;H:1;L:1;Q:1;T:1;E:1;N:.5;R:.5;V:.5;W:.5;,P:1.5;F:1.3;J:1.3;C:1.25;D:1.25;I:1.25;Z:1.25;W:1.1;S:1.1;A:1;Y:1;B:1;M:.8;U:.75;K:.5;Q:.5;H:.5;L:.5;,J:1.25;C:1.25;D:1.25;I:1.25;E:1.25;P:1;A:1;Y:1;B:1;M:1;H:1;K:1;V:1;T:1;N:.5;S:.5;Q:.5;X:.5;,U:1.5;F:1.5;P:1.5;J:1.3;C:1.3;D:1.3;I:1.3;Q:1.3;W:1.1;Y:1;B:1;M:1;E:1;H:1;K:.5;L:.5;N:.5;R:.5;S:.5;V:.5;T:.3;,,J:1.3;C:1.25;D:1.25;I:1.25;Z:1.25;Y:1;B:1;M:.8;P:.75;U:.75;F:.75;W:.75;K:.5;Q:.5;H:.5;L:.5;S:.5;A:.5;T:.25;E:.2;N:.2;G:.2;R:.2;V:.2;,R:2;P:1.65;F:1.5;J:1.35;C:1.25;D:1.25;I:1.25;Z:1;Y:1;S:1;B:1;M:1;H:1;,,,,J:1.5;C:1.5;D:1.5;I:1;Y:1;B:1;M:1;L:1;E:1;K:1;V:1;,C:1.25;I:1.25;J:1.25;Z:1.25;B:1;E:1;H:1;K:1;L:1;M:1;N:1;Q:1;R:1;S:1;T:1;,J:2;D:2;Z:2;Y:1;K:1;H:1;L:1;T:1;V:1;Q:1;N:1;,F:2.5;P:2.5;A:2;J:1.75;C:1.5;D:1.5;I:1.5;Y:1;B:.75;M:.75;K:.75;H:.75;T:.75;G:.5;Q:.5;L:.5;U:.5;V:.5;,J:1.25;C:1.25;D:1.25;I:1.25;Y:1;B:1;M:1;U:1;K:.75;R:.75;H:.75;G:.75;L:.5;Q:.5;N:.5;T:.5;V:.5;S:.5;E:.5;,J:1.5;C:1.5;D:1.5;I:1;Z:1;W:1;S:1;A:1;Y:1;B:1;M:.8;U:.8;K:.8;H:.8;L:.8;Q:.5;T:.5;E:.5;N:.5;,J:1.25;D:1.25;C:1.25;I:1.25;W:1.25;S:1.25;Y:1;B:1;M:1;U:1;K:1;H:1;L:1;Q:1;T:.5;E:.5;N:.5;V:.5;A:.5;R:.5;G:.5;,J:1.5;C:1.5;D:1.5;W:1;U:1;A:1;E:1;Y:1;B:1;M:1;K:1;V:1;T:1;R:1;Q:1;H:1;N:1;,F:1.5;J:1.3;C:1.3;D:1.3;I:1.3;W:1.1;S:1.1;Y:1;B:1;M:1;H:1;K:1;P:1;A:.4;U:.4;L:.4;Q:.4;E:.4;V:.4;T:.4;N:.4;,J:1.25;C:1.25;D:1.25;Y:1;M:1;B:1;H:1;K:1;T:1;,J:1.25;C:1.25;D:1.25;I:1.25;W:1.1;Y:1;B:1;M:.5;K:.5;N:.5;Q:.25;T:.25;F:1.5;A:1.5;,J:1.25;C:1.25;D:1;I:1;W:1;Z:1;Y:1;M:1;U:1;S:1;B:.75;H:.75;K:.5;L:.5;Q:.25;,F:1.5;A:1.5;J:1.3;C:1.3;D:1.3;I:1.3;Y:1;H:1;B:1;M:1;L:1;K:.5;N:.5;Q:.5;V:.5;,,,,,,,,,,,,,,,,,,,,,,,,,,,,,,,,,,,,,,,,,,,,,,,,,,,,,,,,,,,,,,,,,,,,,
MU,,,,,,,,,,,,,,,,,,,,,,,,,,,,,,,,,,,,,,,,,,,,,,,,,,,,,,,,,,,,,,,,,,,,,,,,,,,,,,,,,,,,,,,,,,,,,,
CZ,F:1.5;P:1.5;A:1.25;G:1;J:1.3;C:1.3;D:1.3;I:1.3;Z:1;W:1;Y:1;B:1;M:1;S:1;H:.75;Q:.4;K:.4;L:.25;U:.25;T:.25;X:.25;V:.25;,,J:1.5;C:1.5;D:1.3;I:1.3;Y:1;B:1;M:1;U:1;K:1;H:1;L:1;Q:1;T:1;E:1;N:.4;R:.4;V:.4;W:.4;,F:1.5;P:1.5;C:1.3;D:1.3;I:1.3;J:1.3;Z:1.1;W:1.1;S:1.1;A:1;Y:1;B:1;M:1;U:.8;K:.4;H:.4;L:.4;Q:.4;T:.2;E:.2;N:.2;R:.2;G:.2;V:.2;,J:1.5;C:1.5;D:1.5;I:1.5;E:1.5;P:1.25;A:1.25;Y:1;M:1;H:1;B:1;K:1;V:1;T:1;N:.4;S:.4;Q:.4;X:.4;,F:1.5;U:1.5;P:1.25;J:1.3;C:1.3;D:1.3;I:1.3;Q:1.3;W:1.1;Y:1;B:1;M:1;E:1;H:1;K:.4;L:.4;N:.4;R:.4;S:.4;V:.4;V:.4;T:.3;,,C:1.3;D:1.3;I:1.3;J:1.3;Z:1.1;Y:1;B:1;M:1;U:.8;K:.4;H:.4;L:.4;Q:.4;P:.4;F:.4;W:.4;S:.4;A:.4;,P:1.5;F:1.5;J:1.3;C:1.3;D:1.3;I:1.3;R:1.3;Z:1;Y:1;B:1;M:1;S:1;W:1;,,,,J:1.3;C:1.3;D:1.3;I:1;Y:1;B:1;M:1;L:1;E:1;K:1;V:1;H:1;S:.5;R:.5;U:.5;T:.5;Q:.5;W:.25;P:.25;A:.25;N:.25;Z:.25;G:.25;F:.25;,C:1.3;I:1.3;J:1.3;Z:1.3;B:1;E:1;H:1;K:1;L:1;M:1;N:1;Q:1;R:1;S:1;T:1;U:1;Y:1;,J:1.3;C:1.3;D:1.3;I:1.3;Z:1.3;B:1;M:1;U:1;K:1;H:.5;L:.5;Q:.5;T:.5;N:.5;R:.5;V:.5;,F:1.5;P:1.5;A:1.5;J:1.3;C:1.3;D:1.3;I:1.3;Y:1;E:.4;B:.4;M:.4;K:.4;H:.4;Q:.4;T:.4;L:.4;N:.4;V:.4;G:.4;U:.4;,J:1.3;C:1.3;D:1.3;I:1.3;Y:1;B:1;M:1;U:1;K:1;R:1;H:1;G:1;L:.4;Q:.4;N:.4;T:.4;V:.4;S:.4;E:.4;,J:1.3;C:1.3;D:1.3;I:1;Z:1;W:1.1;S:1.1;A:1.1;Y:1;B:1;M:.4;U:.4;K:.4;H:.4;L:.4;,J:1.3;C:1.3;D:1.3;I:1.3;W:1.3;S:1.3;Y:1;B:1;M:1;U:1;K:1;H:1;L:1;Q:1;T:.4;E:.4;N:.4;V:.4;A:.4;R:.4;G:.4;,J:1.3;C:1.25;D:1.15;W:1.15;U:1.15;A:1;E:1;Y:1;B:1;M:1;K:.8;V:.8;T:.8;R:.5;Q:.5;H:.5;N:.5;,F:3;J:2.5;C:2;D:1.5;I:1;W:1.1;S:.75;Y:1;P:1;B:1;M:1;H:1;K:1;U:.5;A:.5;L:.5;E:.5;Q:.5;V:.25;Z:.25;T:.25;N:.25;R:.25;,J:1.3;C:1.3;D:1.3;Y:1;M:1;B:1;H:1;K:1;T:1;G:.5;L:.5;X:.5;Q:.5;U:.5;A:.5;,F:1.5;A:1.5;P:1.4;J:1.3;C:1.3;D:1.1;I:1.1;W:1;Y:1;B:1;M:.4;K:.4;N:.4;Q:.4;,J:1.3;C:1.3;D:1.3;I:1.3;W:1.1;Z:1.1;U:1.1;Y:1;M:1;S:1;H:.75;B:.5;K:.4;L:.4;Q:.4;,F:1.5;A:1.5;J:1.5;C:1.3;D:1.3;I:1;Y:1;B:1;M:1;L:1;H:1;K:.4;N:.4;Q:.4;V:.4;,,,,,,,,,,,,,,,,,,,,,,,,,,,,,,,,,,,,,,,,,,,,,,,,,,,,,,,,,,,,,,,,,,,,,
CM,,,,,,,,,,,,,,,,,,,,,,,,,,,,,,,,,,,,,,,,,,,,,,,,,,,,,,,,,,,,,,,,,,,,,,,,,,,,,,,,,,,,,,,,,,,,,,
CQ,,,,,,,,,,,,,,,,,,,,,,1,,,,,,,,,,,,,,,,,,,,,,,,,,,,,,,,,,,,,,,,,,,,,,,,,,,,,,,,,,,,,,,,,,,,,,,,
DL,[5],,J:2;C:2;D:2;I:2;W:1.25;Y:1.25;B:1;M:1;K:1;H:1;Q:1;L:1;T:1;U:1;E:.5;N:.5;R:.5;V:.25,P:3;F:3;J:2;C:2;D:2;I:2;Z:2;W:1.5;S:1.5;A:1.5;Y:1.25;B:1.25;M:1.25;U:1;K:1;H:.5;L:.5;Q:.5;T:.5;E:.5;N:.5;R:.25;G:.25;V:.25;,J:2;C:2;D:2;I:2;E:2;A:1.5;P:1.5;Y:1.25;B:1.25;M:1.25;H:1;K:1;V:1;T:1;N:.5;S:.5;Q:.5;X:.5;G:.5;R:.25;F:.25;O:.25;L:.25;W:.25;,U:3;F:3;P:3;J:2;C:2;D:2;Q:2;I:2;W:1.5;Y:1.5;B:1.5;M:1;E:1;H:1;K:.5;L:.5;N:.5;R:.5;S:.5;V:.5;T:.25;G:.25;Z:.25,F:.25;A:.25;U:.25;N:.25;V:.5;S:.5;B:.5;T:1;J:1;W:1;P:1;K:1;M:1;H:1;Q:1;E:1;L:1;Y:1.25;C:1.5;D1.5;,J:2;C:2;D:2;I:2;Z:2;Y:1.25;B:1.25;M:1.25;U:1;K:1;W:1;P:1;F:1;H:.5;L:.5;Q:.5;T:.5;E:.5;N:.5;S:.5;A:.5;R:.25;G:.25;V:.25,P:3;F:3;J:2;C:2;D:2;I:2;R:2;W:1.25;Y:1.25;B:1.25;S:1;M:1;H:1;E:1;G:1;Q:1;K:1;L:1;U:1;T:1;N:1;,F:2;A:3;C:2;J:2;Z:2I:1.5;P:1.5;Y:1.25;M:1.25;T:1.25;U:1.25;N:1;L:1;Q:.75;S:.75;K:.75;H:.5;V:.5;O:.25;W:.25,J:2;C:2;D:2;I:2;Z:2;W:1.5;S:1.5;K:1.5;H:1.5;V:1.25;Y:1.25;B:1.25;R:1;L:1;U:1;M:.5;E:.5;Q:.5;X:.5;N:.25;O:.25;T:.25,F:3;A:3;J:2;C:2;D:2;I:2;W:1.5;R:1.5;O:1.5;Y:1.25;B:1.25;H:1;K:1;L:.5;E:.5;N:.5;V:.5;Q:.5;T:.5;U:.5;S:.5;M:.5;G:.25,J:1;C:1;D:1;I:1;Y:1;B:1;M:1;L:.5;K:.5;H:.5;V:.5;E:.5;Q:.25;R:.25;S:.25;U:.25;T:.25;F:.25,J:1;C:1;D:1;I:1;Z:1;Y:1;B:1;M:1;U:.5;K:.5;H:.5;L:.5;N:.5;Q:.5;R:.25;E:.25;T:.25;W:.25,J:1;C:1;D:1;I:1;Z:1;Y:1;B:1;M:1;U:.5;K:.5;H:.5;L:.5;Q:.5;T:.5;N:.25;R:.25;V:.25,F:1;P:1;A:1;J:1;C:1;D:1;I:1;Y:1;E:1;B:1;M:.5;K:.5;H:.5;L:.5;Q:.5;T:.5;G:.25;N:.25;V:.25;U:.25,J:1;C:1;D:1;I:1;Y:1;B:1;M:.5;U:.5;K:.5;R:.5;H:.5;G:.5;L:.5;Q:.25;N:.25;T:.25;V:.25;S:.25;E:.25,J:1;C:1;D:1;I:1;Z:1;W:1;S:1;A:1;Y:1;B:1;M:.5;U:.5;K:.5;H:.5;T:.5;L:.5;Q:.25;E:.25;N:.25,J:1;C:1;D:1;I:1;W:1;S:1;Y:1;B:.5;M:.5;U:.5;K:.5;H:.5;L:.5;Q:.5;T:.25;E:.25;A:.25;G:.25;V:.25;N:.25;R:.25;,F:1;J:1;C:1;D:1;W:1;U:1;A:1;E:1;Y:1;B:1;M:1;K:.5;V:.5;T:.5;R:.25;Q:.25;H:.25;N:.25,F:1;J:1;C:1;D:1;I:1;W:1;S:1;Y:1;P:.5;B:.5;M:.5;H:.5;K:.5;U:.5;A:.5;L:.5;E:.5;Q:.5;V:.25;Z:.25;T:.25;N:.25;R:.25,J:1;C:1;D:1;I:1;Y:1;B:1;M:1;H:.5;K:.5;T:.5;A:.5;L:.5;Q:.5;U:.25;X:.25,F:1;A:1;P:1;J:1;C:1;D:1;I:1;Y:1;B:1;M:.5;K:.5;N:.5;Q:.25;T:.25,J:1;C:1;D:1;I:1;W:1;Z:1;U:1;Y:1;M:.5;S:.5;B:.5;H:.5;K:.5;L:.5;Q:.25,F:1;A:1;J:1;C:1;D:1;I:1;Y:1;H:1;B:1;M:1;L:.5;K:.5;N:.25;Q:.25;V:.25,H:.25;I:.25;B:.25;M:.25;G:.25;L:.25;K:.25;Q:.5;S:.5;S:.5;N:.5;W:.5;V:.5;X:.5;Y:1;F:1;P:1;J:1;C:1;,K:1;Y:1;V:1;B:.5;W:.5;Q:.5;L:.5;H:.5;M:.5;P:.5;G:.5;X:.25;D:.25;I:.25;C:.25;,,,,,,,,,,,,,,,,,,,,,,,,,,,,,,,,,,,,,,,,,,,,,,,,,,,,,,,,,,,,,,,,,,,
GA,,,,,,,,,,,,,,,,,,,,,,,,,,,,,,,,,,,,,,,,,,,,,,,,,,,,,,,,,,,,,,,,,,,,,,,,,,,,,,,,,,,,,,,,,,,,,,
G3,,,,,,,,,,,,,,,,,,,,,,,,,,,,,,,,,,,,,,,,,,,,,,,,,,,,,,,,,,,,,,,,,,,,,,,,,,,,,,,,,,,,,,,,,,,,,,
HA,,,,,,,,,P:2;F:1.65;J:1.35;C:1.25;D:1.25;I:1.25;R:1.25;Z:1;W:1;Y:1;B:1;M:1;H:1;E:1;L:1;K:1;,,J:2;D:2;C:2;I:1.5;Z:1.5;W:1.5;S:1.5;K:1.25;H:1.25;Y:1;B:1;R:1;L:1;M:1;U:1;,J:2;C:2;D:1.5;I:1.5;W:1.25;R:1.25;O:1.25;Y:1;B:1;H:1;K:1;L:1;E:.5;N:.5;V:.5;Q:.5;T:.5;U:.5;S:.5;M:.5;,,,,,,,,F:1.5;J:1.3;C:1.25;D:1;Y:1;B:1;M:1;K:.8;V:.8;T:.8;R:.5;Q:.5;H:.5;N:.5;,,,,,,COACH:1;FIRST:1.5,,,,,,,J:1.25;P:1.25;C:1.25;D:1.25;A:1.25;Y :1;W:.7;X:.7;Q :.7;V:.5;B:.5;S:.5;N :.5;M:.3;I:.3;H:.3;G:.3;K:.3;L:.3;Z:.3;O :.3;,,,,,,,,,,,,,,,,,,,,,,,,,,,,,,,,,,,,,,,,J:1;P:1;C:1;A:1;D:1;Y:1;W:1;X:1; Q:1; V:1;B:1;S:1;N:1;M:1;I:1;H:1;G:1;K:1;,,,,,,,,,,,,,J:1.25;C:1.25;D:1.25;I:1.25;Y:1;E:1;K:1;H:1;Q:1; B:1;L:1;Z:.5;O:.5;U:.5;S:.5;P:.5;V:.5;R:.5;W:.5;M:.5;,,,,,,,,
JL,,,,P:1.5;F:1.5;J:1.25;C:1.25;D:1.25;I:1.25;Z:1.25;W:1;S:1;A:1;Y:1;B:1;M:.7;U:.7;K:.7;P:.7;F:.7;W:.7;H:.5;L:.5;Q:.5;S:.5;A:.5;,,F:1.5;U:1.5;P:1.25;J:1.25;C:1.25;D:1.25;I:1.25;Q:1.25;W:1;Y:1;B:.7;M:.7;E:.7;H:.7;K:.5;L:.5;N:.5;R:.5;S:.5;V:.5;T:.3;,,,,,,,,,,,,,,,,,,,,,,,,,,,F:1.5;A:1.5;J:1.25;C:1.25;D:1.25;X:1.25;I:.7;W:1;E:1;Y:1;B:1;H:.7;K:.7;M:.7;L:.5;V:.5;S:.5;O:.5;G:.5;R:.5;Q:.3;N:.3;,,F:1.5;A:1.5;J:1.25;C:1.25;D:1.25;Z:1.25;Y:1;B:1;H:1;K:.5;M:.5;L:.25;V:.25;S:.25;,,,,,,,,,C:1.25;D:1.25;Y:1;M:1;K:1;N:1;T:1;L:1;H:1;V:.5;Q:.5;G:.5;B:.5;,F:1.5;A:1.5;J:1.25;C:1.25;D:1.25;I:1.25;R:1;W:1;Y:1;E:.7;B:.7;H:.7;K:.5;M:.5;L:.5;,F:1.5;A:1.5;J:1.25;C:1.25;D:1.25;I:1.25;R:1;W:1;Y:1;E:.7;B:.7;H:.7;K:.5;M:.5;L:.5;,,,,F:1.5;A:1.5;J:1.25;C:1.25;D:1.25;I:1.25;Y:1;W:1;R:.7;T:.7;B:.7;H:.7;K:.5;M:.5;V:.5;L:.5;,,,A:1.5;F:1.5;J:1.25;D:1.25;I:1.25;R:1.25;W:1;P:1;Y:1;H:.7;K:.7;M:.7;L:.5;V:.5;S:.5;N:.5;G:.5;O:.3;Q:.3;,F:1.5;P:1.5;Y:1;S:1;B:1;M:.7;H:.7;Q:.7;L:.5;V:.5;K:.5;G:.3;T:.3;R:.3;,F:1.5;A:1.5;J:1.25;C:1.25;I:1.25;O:.5;Y:1;E:1;W:1;R:1;K:.5;U:.5;B:.5;M:.5;V:.5;T:.5;L:.5;Q:.5;X:.5;,,,F:1.5;P:1.5;A:1.5;J:1.25;C:1.25;D:1.25;I:1.25;R:1.25;Y:1;B:1;H:1;K:.5;M:.5;L:.3;V:.3;S:.3;N:.3;Q:.3;G:.3;,,,,F:1.5;A:1.5;J:1.25;C:1.25;D:1.25;R:1.25;I:1.25;W:1;E:1;T:1;Y:1;B:1;H:.7;K:.5;M:.5;L:.5;V:.5;S:.5;N:.5;Q:.25;O:.25;G:.25;,J:1.25;C:1.25;D:1.25;I:.7;Y:1;B:1;H:.7;K:.7;M:.7;P:.7;T:.7;L:.5;V:.5;S:.5;N:.25;Q:.25;O:.25;Z:.25;,J:1.25;C:1.25;D:1.25;R:1.25;I:.7;W:1;E:1;T:1;Y:1;B:1;H:.7;K:.7;L:.5;M:.5;V:.5;F:.5;Z:.5;G:.5;S:.25;N:.25;O:.25;Q:.25;A:.25;,J:1.25;C:1.25;D:1.25;I:1.25;Z:1.25;W:1;P:1;Y:1;B:1;H:.7;K:.7;M:.7;L:.7;V:.5;X:.5;S:.5;N:.5;Q:.5;O:.5;G:.5;A:.3;,J:1.25;C:1.25;D:1.25;I:1.25;Z:1.25;W:1;P:1;Y:1;B:1;H:.7;K:.7;M:.7;L:.7;V:.5;X:.5;S:.5;N:.5;Q:.5;O:.5;G:.5;A:.3;,J:1.25;C:1.25;D:1.25;I:1;Z:1;Y:1;B:.7;H:.7;K:.7;M:.7;L:.5;V:.5;S:.5;N:.5;Q:.5;O:.25;P:.25;W:.25;,J:1.25;C:1.25;D:1.25;Y:1;B:.5;H:.5;K:.25;M:.25;L:.25;V:.25;T:.25;R:.25;S:.25;N:.25;Q:.25;O:.25;,J:1.25;C:1.25;D:1.25;I:1;Y:1;B:1;P:1;H:1;K:.7;W:.7;M:.7;E:.7;L:.5;R:.5;V:.5;S:.5;N:.3;Q:.3;O:.3;,,,,,,,,,,,,,,,,,,,,,,,,,
QJ,F:3;P:3;A:3;G:3;J:2.5;C:2.5;D:2;I:1.5;Z:1.5;W:1.5;Y:1.25;B:1.25;M:1.25;S:1;H:1;Q:1;K:1;L:1;U:.75;T:.5;X:.25;V:.25;E:.25;,,,P:1.5;F:1.3;C:1.25;D:1.25;I:1.25;Z:1.25;J:1.25;W:1.1;S:1.1;A:1;Y:1;B:1;M:1;U:.75;K:.75;H:.5;L:.5;Q:.5;T:.2;E:.2;N:.2;G:.2;R:.2;V:.2;,,F:1.5;P:1.5;U:1;P:1;J:1.3;C:1.3;D:1.3;I:1.3;Q:1.3;W:1.1;Y:1;B:1;M:1;E:1;H:.5;K:.5;L:.5;N:.5;R:.5;,,J:1.25;C:1.25;D:1.25;I:1.25;Z:1.25;Y:1;B:1;M:1;P:.75;F:.75;U:.75;K:.75;W:.75;H:.5;L:.5;Q:.5;S:.5;A:.5;T:.2;E:.2;N:.2;R:.2;G:.2;V:.2;,R:2;P:1.65;F:1.5;J:1.35;C:1.25;D:1.25;I:1.25;Y:1;B:1;M:1;S:1;W:1;H:.5;E:.5;K:.5;L:.5;U:.5;,B:.25;W:.25;O:.25;V:.75;H:.75;K:1;S:1;Q:1;L:1.5;N:1.5;U:1.5;T:1.5;M:1.5;Y:1.5;P:1.5;I:2;Z:2.5;C:2.5;J:2.5;A:3;F:3;,J:2;D:2;C:2;I:1.5;Z:1.5;W:1.5;S:1.5;K:1.25;H:1.25;Y:1;B:1;L:1;M:1;R:1;U:1;X:.5;Q:.5;N:.5;O:.5;E:.5;V:.5;,,,C:1.5;I:1.5;J:1.5;Z:1.5;B:1;E:1;H:1;K:1;L:1;M:1;N:1;Q:1;R:1;S:1;T:1;U:1;Y:1;,,,,,,,,,F:2;A:1.75;C:1.5;D:1.5;I:1.5;W:1;Y:1;B:1;M:.75;K:.75;N:.75;Q:.25;T:.25;,C:1.25;J:1.25;D:1;W:1;Z:1;Y:1;B:1;M:1;S:1;B:.5;H:.5;K:.5;L:.5;Q:.5;,,,,,,,,,,,F:1.25;A:1.25;C:1.25;J:1.25;D:1.25;Z:1.25;Y:1;B:1;H:1;K:.5;M:.5;L:.25;V:.25;S:.25;,,,,,J:1.5;C:1.5;D:1.5;W:1.5;Y:1.25;H:1.25;B:1.25;M:1;K:1;E:.5;U:.5;V:.5;L:.5;Q:.5;T:.5;,P:4;F:2.5;A:2.5;R:2.5;C:1.75;D:1.75;J:1.75;W:1.3;Z:1.15;Y:1;B:1;H:1;M:.75;K:.75;L:.75;Q:.75;U:.5;V:.5;G:.5;T:.25;E:.25;,F:1.5;A:1.5;J:1.25;C:1.25;D:1.25;Z:1.25;P:1.25;Y:1;E:1;B:.7;M:.7;U:.7;H:.7;Q:.7;V:.7;W:.7;S:.7;L:.5;T:.5;K:.5;,B:.25;W:.25;O:.25;V:1;H:1;K:1;S:1;Q:1;L:1.5;N:1.5;U:1.5;T:1.5;M:1.5;Y:1.5;P:1.5;I:2;Z:2.5;C:2.5;J:2.5;A:3;F:3;,C:1.25;D:1.25;Y:1;M:1;K:1;N:1;T:1;L:1;H:1;V:.5;Q:.5;G:.5;B:.5;,F:1.5;A:1.5;J:1.25;C:1.25;D:1.25;I:1.25;W:1.1;R:1.1;E:1.1;Y:1;B:1;H:1;K:.5;M:.5;L:.5;V:.5;,F:1.5;A:1.5;J:1.25;C:1.25;D:1.25;I:1.25;Y:1;B:1;H:1;K:.5;M:.5;L:.5;V:.5;,B:.25;W:.25;O:.25;V:.75;H:.75;K:1;S:1;Q:1;L:1.5;N:1.5;U:1.5;T:1.5;M:1.5;Y:1.5;P:1.5;I:2;Z:2.5;C:2.5;J:2.5;A:3;F:3;,B:.25;W:.25;O:.25;V:.75;H:.75;K:1;S:1;Q:1;L:1.5;N:1.5;U:1.5;T:1.5;M:1.5;Y:1.5;P:1.5;I:2;Z:2.5;C:2.5;J:2.5;A:3;F:3;,B:.25;W:.25;O:.25;V:.75;H:.75;K:1;S:1;Q:1;L:1.5;N:1.5;U:1.5;T:1.5;M:1.5;Y:1.5;P:1.5;I:2;Z:2.5;C:2.5;J:2.5;A:3;F:3;,F:1.5;A:1.5;J:1.25;C:1.25;D:1.25;I:1.25;W:1.1;T:1.1;R:1.1;Y:1;B:1;H:1;K:.5;M:.5;V:.25;L:.25;N:.25;S:.25;G:.25;,F:1.5;A:1.5;P:1.5;C:1.25;J:1.25;D:1.25;Z:1.25;Y:1;B:1;M:1;K:1;H:1;Q:1;S:1;W:.5;G:.5;T:.5;L:.5;V:.5;,C:1.5;D:1.5;J:1.5;Z:1.5;U:1;E:1;O:1;A:1;Y:1;B:1;M:.5;H:.5;Q:.5;V:.5;W:.5;T:.5;M:.5;H:.5;Q:.5;V:.5;M:.5;H:.5;Q:.5;,,,,,,,,,,,,,,,,,,,,,,,,,,,,,,,,,,,,,,,,,,
KQ,,,,,,,,,,,,,,,,,,,,,,,,,,,,,,,,,,,,,,,,,,,,,,,,,,,,,,,,,,,,,,,,,,,,,,,,,,,,,,,,,,,,,,,,,,,,,,
KL,C:1.75;J:1.75;D:1.5;I:1.5;Z:1.25;P:2;A:1.75;G:1.25;W:1.25;Y:1;B:1;M:1;Q:.5;K:.5;L:.5;U:.25;T:.25;X:.25;V:.25;E:.25,,J:1.75;C:1.75;D:1.25;I:1.25;Y:1;B:1;M:1;W:.25;U:.5;H:.5;K:.5;L:.5;Q:.5;T:.5;E:.25;V:.25;N:.25;R:.25;,[4],J:2;C:2;D:2;I:2;E:2;A:1.5;P:1.5;Y:1;B:1;M:1;H:1;K:.5;V:.5;T:.5;N:.5;S:.5;Q:.5;X:.5;W:.25;O:.25;L:.25;G:.25;F:.25,F:1.5;U:1.5;P:1.25;J:1.25;C:1.25;D:1.25;I:1.25;Q:1.25;W:1.1;Y:1;B:1;E:.75;H:.75;M:.75;L:.5;N:.5;R:.5;S:.5;V:.5;K:.5;T:.3,C:1.25;D:1.25;Y:1;S:1;K:1;H:1;M:1;Q:1;L:1;V:1;F:1;B:1;T:.75;J:.75;W:.75;E:.5;P:.5;U:.5;A:.5;N:.5,[4],P:1.75;F:1.5;J:1.25;C:1.25;D:1.25;I:1.25;R:1.25;Z:1;Y:1;B:1;W:1;M:.75;H:.5;E:.5;S:.5;U:.2;K:.2;Q:.2;T:.2;N:.2;L:.2;,,,,J:1;C:1;D:1;I:1;Y:1;B:1;M:1;L:.5;E:.5;K:.25;V:.25;H:.25;S:.25;R:.25;U:.25;T:.25;Q:.25;P:.15;A:.15;N:.15;Z:.15;W:.15;G:.15;F:.15,J:1.75;C:1.5;D:1.5;I:1.5;Z:1.25;Y:1;B:1;M:1;U:.75;K:.75;H:.75;L:.5;Q:.5;T:.5;R:.5;E:.5;N:.5;G:.25;V:.25;W:.25,J:1.5;C:1.5;D:1.5;I:1.5;Z:1.5;Y:1;M:1;B:1;K:.75;U:.75;H:.5;L:.5;Q:.5;T:.25;V:.25;N:.25;R:.25,P:2.5;F:2.5;A:2;J:1.75;C:1.5;D:1.5;I:1.5;Y:1;B:.75;M:.75;K:.75;E:.75;Q:.5;L:.5;U:.5;H:.5;T:.5;V:.25;N:.25;G:.25,J:2;C:2;D:1.5;I:1.5;Y:1.25;B:1;M:1;K:.75;U:.75;L:.5;Q:.5;R:.5;E:.25;G:.25;H:.25;N:.25;T:.25;V:.25;S:.25,,J:1.25;C:1.25;D:1.25;I:1.25;W:1.25;S:1.25;Y:1;B:1;M:1;K:.75;U:.75;Q:.5;H:.5;L:.5;V:.25;N:.25;G:.25;A:.25;R:.25;T:.25;E:.25;,J:1.3;C:1.25;D:1.15;W:1.15;U:1.15;E:1;Y:1;B:1;M:1;K:.8;V:.8;T:.8;R:.5;Q:.5;H:.5;N:.5,F:1.5;C:1.3;D:1.3;J:1.3;I:1;W:1.1;S:.4;L:.4;E:.4;Q:.4;U:.4;A:.4;Y:1;H:1;B:1;M:1;K:1;P:1,J:1.75;C:1.75;D:1.5;I:1.25;Y:1;M:1;B:.75;H:.75;K:.75;T:.75;X:.4;Q:.4;L:.4;G:.4;A:.25;U:.25,,,F:1.5;A:1.5;J:1.5;C:1.5;D:1.5;I:1.3;Y:1;B:1;L:1;M:1;H:1;K:.75;N:.75;Q:.75;V:.25,,K:1;W:1;H:1;Y:1;B:1;V:1;Q:.75;L:.75;M:.5;P:.5;G:.5;X:.2;D:.2;I:.2;C:.2,J:2;W:2;S:2;K:.5;L:.5;Q:.5;A:.8;Y:.8;B:.8;D:.8;M:.8;U:.8;H:.8;T:.25;E:.25;N:.25;R:.25;V:.25;X:.25,J:1.5;D:1.5;C:1.5;R:1.5;I:1.5;W:1.25;A:1.25;Y:1;K:.75;H:.75;T:.5;U:.5;V:.5;S:.5;L:.5;Q:.25;M:.25;O:.25;X:.25;G:.25;B:.25;E:.25,J:1.75;D:1.5;Z:1.25;Y:1;B:1;S:1;H:.5;K:.5;R:.5;L:.5;G:.25;M:.25;U:.25;Q:.25;V:.25;T:.25,Y:1;S:1;U:.75;H:.5;Q:.25,C:1.5;D:1.5;J:1.5;Y:1;B:1;M:1;H:1;K:.75;V:.75;U:.75;Q:.75;S:.75;O:.75;W:.75;T:.25;L:.25;A:.25;E:.25,F:1.5;A:1.5;C:1.25;J:1.25;D:1.25;X:1.25;I:.7;Y:1;B:1;H:.7;K:.7;M:.7;L:.5;V:.5;S:.5;O:.5;G:.5;R:.5,F:1.3;A:1.3;C:1.25;I:1.25;J:1.25;Z:1.25;P:1.25;Y:1;M:1;T:1;U:.75;N:.5;Q:.5;L:.5;S:.25,F:1.5;A:1.5;J:1.25;C:1.25;D:1.25;Z:1.25;Y:1;B:1;H:1;K:.5;M:.5;L:.25;V:.25;S:.25,F:3;A:3;C:1.5;D:1.5;Z:1.5;Y:1;S:1;B:1;L:1;M:1;N:1;H:1;Q:1,{25},Y:1;S:1;L:1,C:1.5;Z:1.5;D:1.5;F:1.1;W:1.1;Y:1.1;P:1;S:1.1;E:1.1;K:1.1;H:1;L:1;V:1;Q:.5;M:.5;N:.5;B:.1,,,,,,,,,,,,,,,,,,,,,,,,,,,,,,,,,,,,,,,,,,,,,,,,,,,,,,,
KE,f:1.35;P:1.35;A:1.25;G:1.25;J:1.35;C:1.25;D:1.25;I:1.25;Z:1.25;W:1.1;Y:1;B:1;M:1;H:1;Q:1;K:1;L:1;U:1;T:.7;X:.7;V:.7;E:.7,F:2;J:1.35;C:1.25;D:1.25;I:1.25;Z:1.25;P:1.35;W:1.35;A:1.25;G:1.25;Y:1.25;B:1.25;M:1.25;H:1.25;Q:1.25;K:1.25;L:1.25;U:1.25,J:1.25;C:1.25;D:1.25;I:1;Y:1;B:1;M:1;U:1;T:1;Q:1;L:1;K:1;H:1;E:.5;N:.5;,P:1.65;F:1.65;J:1.25;C:1.25;D:1.25;I:1.25;Z:1.25;W:1.25;S:1.25;A:1;Y:1;B:1;M:1;K:.75;U:.75;H:.5;L:.5;Q:.5;T:.2;E:.2;N:.2;G:.2;R:.2;,J:1.25;C:1.25;D:1.25;I:1.25;E:1.25;P:1;A:1;Y:1;B:1;M:1;H:1;K:1;V:1;T:1;N:.5;S:.5;Q:.5;X:.5;,P:1.5;U:1.5;F:1.5;J:1.3;C:1.3;D:1.3;I:1.3;Q:1.3;W:1.1;Y:1;B:1;M:1;E:1;H:1;K:.5;L:.5;N:.5;R:.5;S:.5;V:.5;T:.3;,C:1.5;D:1.5;Y:1.25;S:1.25;K:1.25;M:1.25;H:1.25;Q:1.25;L:1.25;V:1.25;T:1;J:1;F:1;B:1;W:1;P:1;E:1;U:1;N:1;A:1;,J:1.25;C:1.25;D:1.25;I:1.25;Z:1.25;Y:1;B:1;M:1;K:.75;W:.75;U:.75;P:.75;F:.75;H:.5;L:.5;Q:.5;S:.5;A:.5;T:.2;E:.2;N:.2;G:.2;R:.2;,P:2;F:1.65;J:1.35;D:1.25;Z:1;W:1;Y:1;B:1;M:1;S:1;H:1;E:1;K:1;L:1;U:1;G:.8;Q:.7;N:.7;T:.7;,,,,J:1.25;D:1.25;C:1.25;I:1;Y:1;B:1;M:1;L:1;E:1;K:1;V:1;H:1;S:.5;R:.5;U:.5;T:.5;Q:.5;P:.25;A:.25;N:.25;,C:1.25;I:1.25;D:1.25;J:1.25;Z:1.25;Y:1;B:1;M:1;U:1;K:1;H:1;L:1;Q:1;E:1;N:1;R:1;T:1;V:.5;G:.5;,J:2;C:2;D:2;I:2;Z:2;Y:1.25;B:1.25;M:1;U:1;K:1;H:1;L:1;Q:1;T:1;N:1;R:.5;V:.5;,F:2;P:2;A:1.65;J:1.35;C:1.25;D:1.25;I:1.25;Y:1;Q:.75;E:.75;B:.75;M:.75;K:.75;H:.75;T:.75;U:.5;L:.5;N:.5;V:.5;G:.5;,J:1.25;C:1.25;D:1.25;I:1.25;Y:1;B:1;M:1;U:1;K:1;R:1;H:1;G:1;L:.5;Q:.5;N:.5;T:.5;V:.5;S:.5;E:.5;,J:1.25;C:1.25;D:1.25;I:1;Z:1;W:1;S:1;A:1;Y:1;B:1;M:.75;U:.75;K:.75;H:.75;L:.75;Q:.5;T:.5;E:.5;N:.5;,J:1.25;C:1.25;D:1.25;I:1.25;W:1.25;S:1.25;Y:1;B:1;M:1;U:1;K:1;H:1;L:1;Q:1;T:.5;E:.5;N:.5;V:.5;A:.5;R:.5;G:.5;,F:1.5;J:1.3;C:1.25;D:1.15;W:1.15;U:1.15;E:1;Y:1;B:1;M:1;T:.8;,F:1.5;J:1.3;C:1.3;D:1.3;I:1;W:1.1;Y:1;P:1;B:1;M:1;H:1;K:1;A:.4;U:.4;L:.4;E:.4;Q:.4;S:.4;,J:1.25;C:1.25;D:1.25;I:1;Y:1;M:1;B:1;H:1;K:1;T:.8;L:.5;X:.5;Q:.5;U:.5;A:.5;G:.5;,F:1.5;A:1.5;J:1.35;C:1.25;D:1.25;I:1.25;Y:1;B:1;M:.5;K:.5;N:.5;Q:.5;T:.5;,J:1.35;C:1.35;D:1.25;I:1.25;W:1;Z:1;Y:1;M:1;U:1;S:1;B:.75;H:.75;K:.75;L:.75;Q:.5;,F:1.5;A:1.5;J:1.5;C:1.25;D:1.25;I:1.25;Y:1;B:1;H:1;M:.5;L:.5;,F:1.5;P:1.5;C:1.5;A:1;Y:1;W:1;X:1;Q:1;V:1;B:1;S:1;N:1;M:1;I:.5;H:.5;G:.5;K:.5;L:.5;,,,,,,,,F:2;A:1.5;C:1.35;J:1.25;Z:1.25;I:1.25;P:1.25;Y:1;M:1;T:1;U:1;N:.5;L:.5;Q:.5;S:.5;,,,,,,,P:2;A:1.8;F:1.8;R:1.8;J:1.35;C:1.35;W:1.25;D:1.25;Z:1.15;Y:1;H:1;B:1;M:.75;K:.75;Q:.75;L:.75;V:.5;U:.5;G:.5;EV:.5;U:.5;G:.5;.25TV:.5;U:.5;G:.5;.25,,,,,,,,,,,,A:1.5;F:1.5;D:1.5;I:1.5;J:1.5;R:1.5;P:1;Y:1;B:1;W:1;H:1;K:1;M:1;L:1;V:1;G:1;Q:1;,F:1.5;P:1.5;U:1;Y:1;S:1;B:1;M:1;H:1;Q:1;L:1;V:1;K:1;G:.5;T:.5;R:.5;,F:1.5;A:1.5;J:1.25;C:1.25;I:1.25;O:1.25;P:1.25;Y:1;,,,,,,,,,,,,,,,,,,,,,,,,,,,,,,,,,,,,,,,
MH,,,,,,,,,,,,,,,,,,,,,,,,,,,,,,,,,,,,,,,,,,,,,,,,,,,,,,,,,,,,,,,,,,,,,,,,,,,,,,,,,,,,,,,,,,,,,,
ME,F:1.5;P:1.5;A:1.25;G:1;J:1.75;C:1.5;D:1.5;I:1.5;Z:1.25;Y:1;B:1;M:1;S:1;H:.75;Q:.75;K:.75;L:.5;U:.5;T:.5;X:.5;V:.5;E:.5;,,C:2;D:1.5;I:1.5;Y:1.25;B:1.25;M:1.25;U:1;K:1;H:1;L:1;Q:1;T:1;E:.5;W:.5;N:.5;R:.5;V:.5;,P:2;F:2;J:1.5;C:1.5;D:1.5;I:1.5;Z:1.5;W:1.1;S:1.1;A:1.1;Y:1;B:1;M:1;U:.75;K:.75;H:.5;L:.5;Q:.5;T:.25;N:.25;G:.25;R:.25;E:.25;V:.25;,J:1.5;C:1.5;D:1.5;I:1.5;E:1.5;P:1;A:1;Y:1;B:1;M:1;H:1;K:1;V:1;T:1;N:.5;S:.5;Q:.5;X:.5;,F:1.5;P:1.5;U:1.5;J:1.3;C:1.3;D:1.3;I:1.3;Q:1.3;W:1.1;Y:1;B:1;M:1;E:1;H:1;K:.5;L:.5;N:.5;R:.5;S:.5;V:.5;T:.3;,,J:1.5;D:1.5;C:1.5;I:1.5;Z:1.5;Y:1;B:1;M:1;U:.75;K:.75;W:.75;H:.5;L:.5;Q:.5;S:.5;A:.5;T:.25;N:.25;G:.25;R:.25;E:.25;V:.25;,R:2;P:1.65;F:1.5;J:1.35;C:1.25;D:1.25;I:1.25;Z:1;Y:1;B:1;M:1;W:1;S:1;H:1;E:1;K:1;L:.75;U:.75;Q:.5;N:.5;T:.5;,,,,J:1.5;C:1.5;D:1.5;Y:1;B:1;M:1;L:1;E:1;K:1;V:1;H:1;S:.5;R:.5;U:.5;T:.5;Q:.5;P:.25;A:.25;N:.25;Z:.25;G:.25;F:.25;,J:1.5;C:1.5;D:1.5;I:1.5;Z:1.5;Y:1;B:1;M:1;U:1;K:1;H:1;L:1;Q:1;E:1;N:1;R:1;T:1;V:.5;G:.5;,J:2;C:2;D:2;I:2;Z:2;Y:1.25;B:1.25;M:1.25;U:1;K:1;H:1;L:1;Q:1;T:1;N:1;R:1;V:1;,F:2.5;P:2.5;J:1.75;C:1.5;D:1.5;I:1.5;Y:1;E:.75;B:.75;M:.75;K:.75;L:.75;T:.75;Q:.75;H:.75;V:.5;G:.5;N:.5;U:.5;,C:1.5;D:1.5;I:1.5;J:1.5;Y:1;B:1;M:1;U:1;K:.75;R:.75;H:.75;G:.75;L:.75;Q:.75;N:.75;T:.75;,J:1.5;C:1.5;D:1.5;I:1;Z:1;W:1;S:1;A:1;Y:1;B:1;,C:1.25;D:1.25;I:1.25;W:1.25;S:1.25;Y:1;B:1;M:1;U:1;K:1;H:1;L:1;Q:1;T:.5;E:.5;N:.5;V:.5;A:.5;R:.5;G:.5;,F:1.5;J:1.3;C:1.25;D:1;W:1.15;U:1.15;E:1;Y:1;B:1;M:1;K:.8;V:.8;T:.8;R:.5;Q:.5;H:.5;N:.5;,F:1.5;J:1.3;C:1.3;D:1.3;I:1;W:1.1;Y:1;B:1;M:1;H:1;K:1;P:1;U:.4;L:.4;Q:.4;S:.4;E:.4;A:.4;,J:2;C:2;D:2;I:1;Y:1;M:1;B:1;H:1;K:1;T:1;A:.5;L:.5;X:.5;Q:.5;U:.5;,F:1.75;A:1.75;P:1.6;J:1.5;C:1.5;D:1.25;I:1.25;W:1;Y:1;B:1;M:.5;K:.5;N:.5;Q:.25;T:.25;,J:1.25;C:1;W:1;Z:1;Y:1;B:.5;S:.5;H:.5;K:.25;M:.25;L:.25;,J:1.25;C:1;W:1;Z:1;Y:1;B:.5;S:.5;H:.5;K:.25;M:.25;L:.25;,,,,,,,,,,,,,,,,,,,,,,,,,,,,,,,,,F:3;P:2;A:2;J:2;C:1.5;D:1.25;I:1.25;R:1.25;Y:1;B:1;H:1;K:.75;M:.75;L:.75;V:.75;S:.5;N:.5;Q:.5;T:.25;O:.25;W:.25;G:.25;,,,,,,,,,,,,,,,,,,,,,,,,,,,,,,,,,,,,
SV,F:2;A:2;P:2;G:2;J:1.5;C:1.5;D:1.5;I:1.5;Z:1.5;Y:1.5;B:1;M:1;S:1;H:1;Q:1;K:1;L:1;U:1;T:1;X:1;V:1;,,J:2;C:2;A:1.5;D:1.5;R:1;U:1;Y:1.5;B:1.5;M:1.5;S:1.5;K:1.25;Q:1.25;N:1.25;I:1.25;X:1.25;T:1.25;V:.75;W:.75;L:.75;P:.75;,,J:1.25;C:1.25;D:1.25;I:1.25;E:1.25;P:1;A:1;Y:1;B:1;M:1;H:1;K:1;V:1;T:1;,U:1.5;F:1.5;P:1.5;P:1;J:1.3;C:1.3;D:1.3;I:1.3;W:1.1;Y:1;B:1;M:1;E:1;H:1;K:.5;L:.5;N:.5;R:.5;S:.5;V:.5;T:.5;Y:1;B:1;T:1;M:1;D:1;W:.8;V:.8;K:.8;RW:.8;V:.8;K:.8;.5QW:.8;V:.8;K:.8;.5HW:.8;V:.8;K:.8;.5NW:.8;V:.8;K:.8;.5,,P:2.5;F:2;J:1.75;C:1.75;D:1.5;I:1.5;Z:1.5;W:1;S:1;A:1;Y:1;B:1;M:1;U:.75;K:.75;H:.5;L:.5;Q:.5;TH:.5;L:.5;Q:.5;.25NH:.5;L:.5;Q:.5;.25GH:.5;L:.5;Q:.5;.25RH:.5;L:.5;Q:.5;.25EH:.5;L:.5;Q:.5;.25VH:.5;L:.5;Q:.5;.25,,,,,J:1.5;C:1.5;D:1.5;Y:1;M:1;B:1;L:1;E:1;K:1;V:1;H:1;,,J:1.75;C:1.5;D:1.5;I:1.5;Z:1.5;Y:1;B:1;M:1;U:.75;K:.75;H:.75;L:.5;Q:.5;T:.5;N:.5;R:.5;V:.5;,F:2.5;P:2.5;A:2.5;J:1.75;C:1.5;D:1.5;I:1.5;Y:1;E:.75;B:.75;M:.75;K:.75;H:.75;Q:.75;L:.75;T:.75;U:.3;N:.3;V:.3;U:.3;,C:1.5;D:1.5;J:1.5;S:1;Y:1;B:1;M:1;K:.75;R:.75;H:.75;G:.75;L:.5;Q:.5;N:.5;T:.5;U:.5;V:.5;E:.5;,J:1.5;C:1.5;D:1.5;I:1;Z:1;W:1;S:1;A:1;Y:1;B:1;M:.75;U:.75;K:.75;H:.75;L:.75;Q:.5;T:.5;E:.5;N:.5;,J:1.5;D:1.5;C:1.5;Z:1.5;Y:1;B:1;H:1;K:1;M:1;V:1;N:1;Q:.5;W:.5;O:.5;L:.5;S:.5;G:.5;A:.5;R:.5;,F:1.5;A:1.3;J:1.3;C:1.25;W:1.15;U:1.15;E:1;Y:1;B:1;T:1;M:1;D:1;W:.8;V:.8;K:.8;RW:.8;V:.8;K:.8;.5QW:.8;V:.8;K:.8;.5HW:.8;V:.8;K:.8;.5NW:.8;V:.8;K:.8;.5,F:1.5;P:1.5;C:1.3;D:1.3;J:1.3;I:1;W:1.1;Y:1;B:1;M:1;H:1;K:1;A:.4;U:.4;L:.4;E:.4;Q:.4;S:.4;,J:1.5;C:1.5;D:1.5;I:1;Y:1;M:1;B:1;H:1;K:1;A:.5;L:.5;X:.5;Q:.5;U:.5;,C:2;D:2;J:2;S:1.75;Y:1.6;B:1.6;M:1.6;K:1.5;R:1.5;H:1.5;G:1.5;L:1.25;Q:1.25;N:1.25;T:1.25;U:1.25;V:1.25;E:1.25;,J:1.25;C:1.25;D:1;W:1;Z:1;Y:1;B:.75;M:.75;S:.75;H:.75;K:.75;L:.75;Q:.5;,F:2;A:1.5;J:1.5;C:1.5;D:1.3;I:1.3;Y:1;H:1;B:1;M:1;L:1;K:.5;N:.5;Q:.5;V:.5;,,,,,,,,,,,,,,,,,,,,,,,,,,,,,,,,,,,,,,,,,,,,,,,,,,,,,,,,,,,,,,,,,,,,,
DT,,,,,,,,,,,,,,,,,,,,,,,,,,,,,,,,,,,,,,,,,,,,,,,,,,,,,,,,,,,,,,,,,,,,,,,,,,,,,,,,,,,,,,,,,,,,,,
RO,F:1.5;P:1.5;A:1.25;G:1;J:1.25;C:1.25;D:1.25;I:1;Z:1;M:1;B:1;Y:1;S:.75;H:.75;Q:.5;K:.5;L:.25;U:.25;T:.25;X:.25;Y:.25;,,J:1.25;C:1.25;D:1.25;I:1;Y:1;M:1;U:1;K:1;H:1;L:1;Q:1;T:1;E:1;W:.5;N:.5;R:.5;V:.5;,F:1.5;P:1.5;J:1.25;C:1.25;D:1.25;I:1.25;Z:1.25;W:1;S:1;A:1;Y:1;B:1;M:.75;U:.75;K:.5;H:.5;L:.5;Q:.5;T:.25;E:.25;N:.25;G:.25;R:.25;V:.25;,,F:1.5;P:1.5;U:1.5;P:1;J:1.25;C:1.25;D:1.25;I:1.25;Q:1.25;W:1.1;Y:1;B:1;M:1;E:1;H:1;K:.5;L:.5;N:.5;R:.5;S:.5;V:.5;T:.5;,,F:1.5;P:1.5;J:1.25;C:1.25;D:1.25;I:1.25;Z:1.25;W:1;S:1;A:1;Y:1;B:1;M:.75;U:.75;K:.5;H:.5;L:.5;Q:.5;T:.25;E:.25;N:.25;G:.25;R:.25;V:.25;,R:2;P:1.65;F:1.5;J:1.35;C:1.25;D:1.25;I:1.25;Z:1;Y:1;W:1;B:1;M:1;S:1;H:1;E:.5;K:.5;L:.5;U:.5;,F:2;A:1.75;C:1.5;P:1.5;I:1.5;J:1.5;Z:1.5;Y:1;M:1;T:1;U:1;N:.5;L:.5;Q:.5;S:.5;,,,J:1.5;C:1.5;D:1.5;Y:1;B:1;M:1;L:1;E:1;K:1;V:1;H:1;,J:1.25;C:1.25;D:1.25;I:1.25;Z:1.25;Y:1;B:1;M:1;U:1;K:1;H:1;L:1;Q:1;E:1;N:1;R:1;T:1;G:.25;V:.25;,J:1.5;C:1.5;D:1.5;I:1.5;Z:1.5;B:1;Y:1;M:.5;U:.5;K:.5;H:.5;L:.5;Q:.5;T:.5;,F:2.5;P:2.5;A:2;R:2;J:1.5;C:1.5;D:1.5;I:1.5;O:1;Y:1;W:1;B:.75;M:.75;K:.75;H:.75;T:.75;Q:.5;L:.5;X:.5;V:.5;,J:1.5;D:1.5;C:1.5;I:1.5;Y:1.25;B:1;M:1;U:1;K:.5;R:.5;H:.5;G:.5;L:.5;Q:.5;N:.5;T:.5;V:.5;S:.5;E:.5;,J:1.25;C:1.25;D:1.25;I:1;Z:1;W:1;S:1;A:1;Y:1;B:1;M:.5;U:.5;K:.5;H:.5;L:.5;Q:.25;T:.25;E:.25;N:.25;,J:1.25;C:1.25;D:1.25;I:1.25;W:1.25;S:1.25;Y:1;B:1;M:1;U:1;K:1;H:1;L:1;Q:1;T:.5;E:.5;N:.5;V:.5;A:.5;R:.5;G:.5;,F:1.5;J:1.3;C:1.25;D:1;W:1;U:1;E:1;Y:1;B:1;M:1;K:.75;V:.75;T:.75;N:.25;H:.25;Q:.25;R:.25;,F:1.5;A:1.5;P:1.5;J:1.3;C:1.3;D:1.3;I:1;W:1.1;Y:1;B:1;M:1;H:1;K:1;U:.4;L:.4;E:.4;Q:.4;S:.4;,J:1.5;C:1.5;D:1.5;I:1.5;Y:1;M:1;H:1;K:1;T:1;B:.5;A:.5;L:.5;X:.5;Q:.5;U:.5;G:.5;,F:2;A:2;P:2;J:1.5;C:1.5;D:1.5;I:1.5;Y:1;B:1;M:.75;K:.75;N:.75;Q:.25;T:.25;V:.25;S:.15;H:.1;G:.1;L:.5;E:.3;U:.2;Z:.2;,C:1.25;D:1.25;J:1.25;W:1;Z:1;Y:1;M:1;B:.75;S:.75;H:.75;K:.5;Q:.25;L:.25;,F:2;A:2;J:1.5;C:1.5;D:1.5;I:1.5;Y:1;H:1;B:1;M:1;L:1;K:.5;N:.5;Q:.5;V:.5;,,,,,,,,,,,,,,,,P:4;A:2.5;F:2.5;R:2.5;C:1.75;J:1.75;D:1.75;W:1.3;Z:1.15;H:1.1;L:1.1;Y:1.1;M:.75;K:.75;L:.75;Q:.75;U:.5;V:.5;G:.5;E:.25;T:.25;,F:1.5;A:1.5;J:1.5;C:1.25;D:1.25;Z:1.25;P:.7;Y:1;E:1;B:1;M:1;U:.7;H:.7;Q:.7;V:.5;W:.5;S:.5;T:.5;L:.3;K:.3;G:.3;,,,,,,,,,,,,,,,,,,,,,,,,,,,,,,,,,,,,,,,,,,,,,,,,,,,,
HV,,,,,,,,,,,,,,,,,,,,,,,,,,,,,,,,,,,,,,,,,,,,,,,,,,,,,,,,,,,,,,,,,,,,,,,,,,,,,,,,,,,,,,,,,,,,,,
T7,,,,,,,,,,,,,,,,,,,,,,,,,,,,,,,,,,,,,,,,,,,,,,,,,,,,,,,,,,,,,,,,,,,,,,,,,,,,,,,,,,,,,,,,,,,,,,
PS,,,,P:1.5;F:1.5;C:1.25;D:1.25;I:1.25;J:1.25;Z:1.25;S:1.25;W:1.25;A:1;B:1;Y:1;M:.75;U:.75;H:.5;K:.5;L:.5;Q:.5;G:.25;V:.25;E:.25;N:.25;R:.25;T:.25;,,,,C:1.25;D:1.25;I:1.25;J:1.25;Z:1.25;B:1;Y:1;M:.75;P:.75;U:.75;F:.75;W:.75;H:.5;K:.5;L:.5;Q:.5;S:.5;A:.5;T:.25;E:.25;N:.25;R:.25;G:.25;V:.25;,,,,,,,,,,,,,,,,,,,,,,,,,,,,,,,C:1.5;D:1.5;Z:1.5;F:1.1;W:1.1;Y:1.1;P:1;S:1.1;E:1.1;K:1.1;H:1;L:1;V:1;MH:1;L:1;V:1;.5QH:1;L:1;V:1;.5NH:1;L:1;V:1;.5BMH:1;L:1;V:1;.5QH:1;L:1;V:1;.5NH:1;L:1;V:1;.5.1,,,,,,,,,,,,,,,,,C:2;D:2;J:2;Z:2;B:1.25;Y:1.25;H:1;M:1;Q:1;G:.5;K:.5;L:.5;P:.5;S:.5;U:.5;V:.5;W:.5;,C:1.5;D:1.5;I:1.5;J:1.5;Z:1.5;B:1;G:1;H:1;M:1;Q:1;U:1;V:1;W:1;Y:1;,,,,,,,,,,,,,,,,,,,,,,,,,,,,,,,,,,,,,
VN,F:1.25;P:1.25;A:1.25;G:1.25;J:1.25;C:1.25;D:1;I:1;Z:1;W:1;Y:1;B:1;M:1;S:.75;H:.75;Q:.75;K:.75;,,J:1.25;C:1.25;D:1.25;I:1.25;Y:1;B:1;M:1;U:1;K:1;E:1;H:1;L:1;T:1;Q:1;N:.5;R:.5;W:.5;V:.5;,P:1.75;F:1.75;J:1.5;C:1.5;D:1.25;I:1.25;Z:1.25;W:1.25;S:1.25;A:1;Y:1;B:1;M:.75;U:.75;K:.75;H:.75;L:.75;Q:.75;TK:.75;H:.75;L:.75;Q:.75;.5EK:.75;H:.75;L:.75;Q:.75;.5NK:.75;H:.75;L:.75;Q:.75;.5GK:.75;H:.75;L:.75;Q:.75;.5RK:.75;H:.75;L:.75;Q:.75;.5,J:1.25;C:1.25;D:1.25;I:1.25;E:1.25;P:1;A:1;Y:1;B:1;M:1;H:1;K:1;V:1;T:1;N:.5;S:.5;Q:.5;X:.5;,,,J:1.5;C:1.5;D:1.25;I:1.25;Z:1.25;Y:1;B:1;M:.75;U:.75;P:.75;F:.75;W:.75;K:.5;H:.5;L:.5;Q:.5;S:.5;A:.5;T:.25;E:.25;N:.25;G:.25;R:.25;,P:2;F:1.65;J:1.35;C:1.25;D:1.25;I:1.25;R:1.25;Z:1;Y:1;M:1;H:1;E:1;B:1;S:1;W:1;K:.7;QK:.7;.5UK:.7;.5LK:.7;.5,,,,J:1.5;C:1.25;D:1.25;I:1.25;Y:1;B:1;M:1;L:1;E:1;K:1;V:1;H:1;S:.5;R:.5;U:.5;T:.5;Q:.5;W:.25;P:.25;A:.25;N:.25;Z:.25;G:.25;F:.25;,C:1.25;D:1.25;I:1.25;J:1.25;Z:1.25;Y:1;B:1;M:1;U:1;K:1;H:1;L:1;Q:1;E:1;N:1;R:1;T:1;V:1;G:1;,J:1.25;C:1;D:1;I:1;Z:1;Y:1;B:.5;M:.5;U:.5;K:.5;L:.25;Q:.25;T:.25;N:.25;R:.25;V:.25;,F:2.5;P:2.5;A:2;J:1.75;C:1.5;D:1.5;I:1.5;Y:1;E:.75;B:.75;M:.75;K:.75;H:.75;Q:.75;T:.75;U:.5;L:.5;N:.5;V:.5;G:.5;,J:1.25;C:1.25;D:1.25;I:1.25;Y:1;B:1;M:1;U:1;K:.75;R:.75;H:.75;G:.75;L:.75;Q:.75;N:.75;T:.75;V:.75;S:.75;E:.75;,J:2;C:2;D:2;I:1.5;Z:1.5;W:1;S:1;A:1;Y:1;B:1;M:.75;U:.75;K:.75;H:.75;L:.75;Q:.5;T:.5;,J:1.25;C:1.25;D:1.25;I:1.25;W:1.25;S:1.25;Y:1;B:1;M:1;U:1;K:1;H:1;L:1;Q:1;T:.5;E:.5;N:.5;V:.5;A:.5;R:.5;G:.5;,F:1.3;J:1.25;C:1.25;D:1;W:1;U:1;E:1;Y:1;B:1;M:.75;K:.75;V:.75;T:.75;R:.5;Q:.5;H:.25;N:.25;,F:1.5;D:1.3;C:1.3;J:1.3;I:1;W:1.1;Y:1;B:1;M:1;H:1;K:1;P:1;A:.4;U:.4;L:.4;Q:.4;E:.4;S:.4;,J:1.5;C:1.5;D:1.5;Y:1;M:1;B:1;H:.75;K:.75;T:.75;G:.5;L:.5;X:.5;Q:.5;U:.5;A:.5;,F:1.5;A:1.5;P:1.4;J:1.25;C:1.25;D:1.2;I:1.2;W:1;Y:1;B:1;M:.75;K:.75;N:.75;T:.25;Q:.25;,J:2;C:2;D:1.5;I:1.5;W:1.25;Z:1.25; U:1.1;Y:1.1;B:1;M:1;S:1;H:.75;K:.75;L:.75;Q:.75;N:.25;R:.25;T:.25;,F:1.5;A:1.5;J:1.3;C:1.3;D:1.3;I:1.3;Y:1;B:1;M:1;L:1;H:1;K:.5;N:.5;Q:.5;V:.5;,,,,,,,,,F:2;A:2;C:1.25;J:1.25;Z:1.25;I:1.25;P:1;Y:1;M:1;T:1;U:1;N:.5;L:.5;Q:.5;S:.5;,,,,,,,,F:1.5;A:1.5;J:1.5;C:1.25;D:1.25;Z:1.25;P:.7;G:1;E:1;Y:1;B:1;M:1;Q:.7;H:.7;U:.7;V:.5;W:.5;S:.5;T:.5;,,,,,,,,,,,,,,,,,,,,,,,,,,,,,,,,,,,,,,,,,,,,,,,,,,,,
VS,F:4;P:4;A:2;G:2;J:4;C:4;D:4;I:2;Z:2;P:2;A:2;G:1;W:1.5;Y:1.5;B:1.5;M:1.5;H:1;Q:1;K:1;L:.5;U:.5;T:.5;X:.5;V:.5;E:.5;,,,,,,,,,,J:4;C:4;D:4;I:2;Z:2;W:2;S:2;H:1;K:1;,J:2;C :2;D:1.5;I:1.5;W:1.25;R:1.25;O:1.25;Y:1;B:1;H:1;K:1;L:1;E:.5;N:.5;V:.5;Q:.5;T:.5;U:.5;S:.5;M:.5;G:.5;,,,,,,,,,,,,,,,,,,,,,,,,,,,,,,F:3;A :3;J:2;C:2;D:2;Z:2;P:2;E:1;Y:1;B:.7;M:.7;H:.7;U:.7;Q:.7;V:.7;W:.7;S:.7;L:.5;T:.5;K :.5;,,,,,,,,,J:1.25;C:1.25;Z:1.25;D:1.25;Y:1;M:1;B:1;K:1;H:1;S:1;Q:1;T:.5;V:.5;L:.5;W:.5;G:.5;,J:1.25;C:1.25;D:1.25;I:1.25;Z:1.25;Y:1;B:1;M:1;U:1;K:1;H:1;L:1;Q:1;T:.5;N:.5;R:.5;V:.5;C:1.5;D:1.5;J:1.5;Z:1.5;U:1;E:1;O:1;A:1;Y:1;B:1;M:.5;H:.5;Q:.5;V:.5;W:.5;T:.5;M:.5;H:.5;Q:.5;V:.5;M:.5;H:.5;Q:.5;,,,,,,,Y:1;B:1;E:1; M:.75;H:.75;W:.75;S:1;P:1;T:1;J:1.25;C:1.25;D:1.25;Z:1.25;U:1.25;F:1.5;A :1.5;R:1.6;,,,,,,,,,,,,,,,,,,,,,,,,,,,,,,,,,,,
VA,P:2;F:2;A:2;G:2;C:2;D:2;J:2;I:2;Z:2;W:1.25;Y:1;B:1;M:1;S:1;H:1;Q:.5;K:.5;L:.5;U:.5;T:.5;X:.5;V:.5;E:.5;,,,,J:2;C:2;D:2;I:2;E:2;P:1.25;A:1.25;Y:1;B:1;M:1;H:1;K:1;V:1;T:1;N:.5;S:.5;Q:.5;X:.5;O:.25;L:.25;R:.25;W:.25;F:.25;,,,,,,J:2;D:2;C:2;Z:1.5;I:1.5;W:1.25;K:1.25; H:1.25;S:1.25;V:1.5;Y:1;B:1;R:.5;L:.5;U:.5;M:.5; E:.25;Q:.25;N:.25;X:.25;O:.25;T:.25;,F:2.5;A:2.5;F:2;A:2;C:2;J:2;I:2;D:2;R:1.25;W:1.25;O:1.25;K:1;H:1;B:1;Y:1;V:.5;N:.5;E:.5;L:.5;M:.5;S:.5;T:.5;Q:.5;G:.5;,,,,,,,,,,,,,,J:1.5;P:1.5;F:1.5;C:1.5;A:1; N:1;B:1;Q:1;S:1;V:1;W:1;X:1;Y:1;M:1;I:.5;H:.5;G:.5;K:.5;L:.5;,,,,,,,,,,,,,,,P:4;F:2.5;A:2.5;R:2.5;J:1.75;C:1.75;D:1.75;W:1.3;Z:1.15;Y:1;B:1; H:1;K:.75;M:.75;Q:.75;L:.75;V:.5;U:.5;G:.5;E:.25;T:.25;,,,,,,,C:2;D :2;J:1.3;Z :.8;Y:1.3;B:1;H:1;K:1;L:1;M:1;N:.5;Q:.5;T:.5;S:.3;X:.3;V:.3;W:.1;,,,C:1.25;J:1.25;Z:1.25;D:1.25;Y:1;B:1;M:1;K:1;H:1;S:1;Q:1;T:.5;V:.5;L:.5;W:.5;G:.5;,C:2;D:2;J:2;Z:2;U:1.5;E:1.5;O:1.5;A:1.5;Y:1;B:1;Q:.75;H:.75;M:.75;V:.5;W:.5;T:.5;L:.25;G:.25;S:.25;K:.25;P:.25;V:.25;W:.25;T:.25;L:.25;G:.25;,,,,,,,F:2;A:2;Z:1.5;C:1.5;J:1.5; D:1.25;U:1.25;S:1.25;T:1.25;P:1;Y:1;B:1;E:1;M:.75;H:.75;W:.75;N:.5;Q:.5;V:.5;K:.5;L:.1;,Z:1.5;C:1.5;J:1.5; D:1.25;U:1.25;Y:1;B:1;E:1;M:.75;H:.75;W:.75;N:.5;Q:.5;V:.5;K:.5;,C :3;D:2;Z:1.5;I:1.25;R:1;Y:1.25;B:1;H:1;K:1;W:1;L:.75;M:.75;Q:.75;X:.5;U:.5; V:.5;N:.5;W:.5;P:.5;,,,,,,,,,,,,,,,,,,,,,,,,,,,,,,,,,
WS,,,,,,,,,,,,,,,,,,,,,,,,,,,,,,,,,,,,,,,,,,,,,,,,,,,,,,,,,,,,,,,,,,,,,,,,,,,,,,,,,,,,,,,,,,,,,,
MF,F:1.5;P:1.5;A:1.25;G:1;J:1.25;C:1.25;D:1.25;I:1.25;Z:1;Y:1;B:1;M:1;S:.5;H:.5;Q:.5;K:.5;L:.5;U:.25;T:.25;X:.25;V:.25;,,J:1.3;C:1.3;D:1.3;Y:1;B:1;M:1;U:1;K:.5;H:.5;L:.5;Q:.5;T:.5;E:.5;N:.5;R:.5;V:.5;,F:1.5;P:1.5;C:1.3;D:1.3;I:1.3;J:1.3;Z:1.25;W:1.25;S:1.25;A:1;Y:1;B:1;M:.75;U:.75;K:.4;H:.4;L:.4;Q:.4;T:.2;E:.2;N:.2;R:.2;G:.2;V:.2;,J:1.25;C:1.25;D:1.25;I:1.25;E:1.25;P:1;A:1;Y:1;B:1;H:1;M:1;K:1;V:1;T:1;N:.5;S:.5;Q:.5;X:.5;,F:1.5;P:1.5;U:1.5;C:1.3;J:1.3;I:1.3;D:1.3;W:1.1;Y:1;B:1;E:1;M:1;H:1;K:.5;L:.5;N:.5;R:.5;,,C:1.3;D:1.3;I:1.3;J:1.3;Z:1.25;Y:1;B:1;M:.75;P:.75;U:.75;F:.75;W:.75;K:.4;H:.4;L:.4;Q:.4;S:.4;A:.4;T:.2;E:.2;N:.2;R:.2;G:.2;V:.2;,F:1.5;P:1.5;J:1.25;I:1.25;R:1.25;C:1.25;D:1.25;Z:1;Y:1;B:1;W:1;M:.5;H:.5;S:.5;,,,,,J:1.3;C:1.3;D:1.3;I:1.3;Z:1.3;Y:1;B:1;M:1;U:.75;K:.75;H:.75;L:.5;Q:.5;E:.5;N:.5;R:.5;T:.5;V:.5;G:.5;,J:1.5;C:1.5;D:1.5;I:1.5;Z:1.5;Y:1;B:1;M:1;U:1;K:1;H:1;L:1;Q:.5;T:.5;N:.5;R:.5;V:.5;,F:2;P:2;A:2;R:2;J:1.5;C:1.5;D:1.5;I:1.5;Y:1;W:1;O:1;B:.5;M:.5;K:.5;H:.5;T:.5;Q:.5;L:.5;X:.5;V:.5;,C:1.3;D:1.3;I:1.3;Y:1;B:1;M:1;U:1;K:.5;R:.5;H:.5;G:.5;L:.5;Q:.5;N:.5;T:.5;V:.5;S:.5;E:.5;,J:1.5;C:1.5;D:1.5;I:1;Y:1.25;S:1.25;B:1;M:1;H:.5;K:.5;T:.5;Q:.5;V:.5;L:.5;W:.5;,J:1.3;C:1.3;D:1.3;I:1.3;W:1.3;S:1.3;Y:1;B:1;M:1;U:1;K:1;H:1;L:1;Q:1;T:.5;E:.5;N:.5;V:.5;A:.5;R:.5;G:.5;,F:1.5;J:1.3;C:1.25;D:1.1;W:1.1;U:1.1;E:1;Y:1;B:1;M:1;K:.5;V:.5;T:.5;R:.5;Q:.5;H:.5;N:.5;,F:1.5;P:1.5;J:1.5;C:1.3;D:1.3;I:1;W:1.1;Y:1;B:1;M:1;H:1;A:.4;U:.4;L:.4;E:.4;K:.4;S:.4;Q:.4;,J:1;C:1;D:1;I:1;Y:1;M:1;B:1;H:1;K:1;T:1;A:.5;L:.5;X:.5;Q:.5;U:.5;,F:1.75;A:1.5;J:1.5;C:1.5;D:1.5;I:1.5;W:1;Y:1;B:1;M:.5;K:.5;N:.5;T:.25;Q:.25;,J:1.3;C:1.3;D:1;W:1;Y:1;Z:1;M:1;B:1;S:.5;H:.5;K:.5;L:.5;,F:3;A:2.5;J:2.5;C:2;D:2;I:2;Y:2;H:2;B:1.25;M:1;L:1;K:.5;N:.5;Q:.5;V:.5;,,,,,,,,,,,,,,,,,,,,,,,,,,,,,,,,,,,,,,,,,,,,,,,,,,,,,,,,,,,,,,,,,,,,,
AA,,,,,,,,,,,,,,,,,,,,,,,,,,F:1.5;C:1.5;J:1.5;P:1.5;Y:1;W:1;X:1;Q:1;V:.75;B:.75;S:.75;N:.75;M:.75;I:.5;H:.5;G:.5;K:.25;L:.25;,K:1;Y:1;V:1;W:.75;H:.75;B:.75;Q:.75;L:.5;M:.5;P:.5;G:.3;X:.3;D:.3;I:.25;C:.25;,,,,,,F:1.5;A:1.5;J:1.25;C:1.25;D:1.25;X:1.25;I:.7;W:1;E:1;Y:1;B:1;H:.7;K:.7;M:.7;L:.5;V:.5;S:.5;G:.5;O:.5;R:.5;N:.3;Q:.3;,F:1.5;A:1.5;C:1.25;J:1;Z:1;I:1;P:1;Y:1;M:.5;T:.5;U:.25;N:.25;L:.25;Q:.25;S:.25;,F:1.5;A:1.5;J:1.25;D:1.25;C:1.25;Z:1;Y:1;B:1;H:.5;K:.5;M:.25;L:.25;S:.25;V:.25;X:.25;S:.25;N:.25;Q:.25;O:.25;G:.25;A:.25;,,,,,,P:4;F:1.5;A:1.5;R:1.5;J:1.25;C:1.25;D:1.25;W:1;Z:1;Y:1;B:.5;H:.5;K:.5;M:.25;Q:.25;L:.25;G:.25;V:.25;U:.25;E:.25;,,,,A:1.5;F:1.5;C:1.25;D:1.25;I:1.25;J:1.25;W:1.1;R:1;E:1;Y:1;B:.75;H:.75;,,,,,F:1.5;A:1.5;J:1.25;C:1.25;D:1.25;I:1.25;W:1.1;R:1;T:1;Y:1;B:1;H:.5;K:.5;L:.5;M:.5;V:.5;N:.25;G:.25;S:.25;O:.25;Q:.25;X:.25;S:.25;N:.25;Q:.25;O:.25;G:.25;A:.25;,,,[5],F:1.75;P:1.5;Y:1;S:1;B:1;M:.75;H:.75;Q:.5;L:.5;V:.5;K:.5;G:.5;T:.25;R:.25;,,,,F:1.5;A:1.5;P:1.5;J:1.25;C:1.25;D:1.25;R:1;I:1;Y:1;B:.5;H:.5;K:.5;M:.5;L:.5;V:.5;G:.25;N:.25;S:.25;Q:.25;O:.25;T:.25;W:.25;,,,,A:1.5;F:1.5;C:1.25;D:1.25;I:1.25;J:1.25;R:1.25;W:1.1;E:1;T:1;Y:1;B:1;H:.5;K:.5;L:.5;M:.5;N:.5;S:.5;V:.5;G:.25;O:.25;Q:.25;,F:3;A:1.5;J:2;D:2;C:2;I:1.25;Y:1;B:1;H:.5;K:.5;L:.5;M:.5;P:.5;V:.5;T:.5;A:.25;G:.25;N:.25;O:.25;Q:.25;R:.25;S:.25;W:.25;Z:.25;,F:1.5;A:1.5;J:1.25;C:1.25;D:1.25;I:1.25;R:1.25;W:1.1;E:1;T:1;Y:1;B:1;H:.5;A:.5;G:.5;K:.5;L:.5;M:.5;N:.5;S:.5;V:.5;Z:.5;O:.25;Q:.25;,J:1.25;C:1.25;D:1.25;I:1;Z:1;W:1;P:1;Y:1;X:.5;B:.5;K:.5;M:.5;N:.5;Q:.5;O:.5;H:.5;L:.25;V:.25;S:.25;G:.25;A:.25;L:.5;V:.5;S:.5;G:.5;O:.5;R:.5;N:.3;Q:.3;,J:1.25;C:1.25;D:1;I:1;Z:1;W:1.1;P:1;Y:1;B:1;H:1;H:.75;K:.5;L:.5;M:.5;V:.5;X:.25;S:.25;N:.25;Q:.25;O:.25;G:.25;A:.25;,J:1.5;C:1.25;D:1.25;Z:1.25;I:1;Y:1;B:.5;H:.5;K:.5;M:.5;S:.5;V:.5;L:.5;Q:.25;,J:1.25;C:1.25;D:1.25;Y:1;B:1;H:.25;K:.25;M:.25;L:.25;V:.25;T:.25;R:.25;S:.25;N:.25;Q:.25;O:.25;,J:1.5;C:1.25;D:1;I:1;Y:1;B:.5;P:.5;H:.5;K:.5;W:.5;M:.5;E:.5;L:.25;R:.25;V:.25;S:.25;N:.25;Q:.25;O:.25;,J:1.25;C:1.25;D:1;I:1;Y:1;B:.5;H:.5;K:.5;L:.5;M:.5;X:.5;E:.25;N:.25;O:.25;U:.25;Q:.25;V:.25;S:.25;W:.25;,,,,,,,,,,,,,,,,,,,,,,,,
BA,,,,,,,,,,,,,,,,,,,,,,,,,,,,,,,,,,,L:.25;V:.25;S:.25;K:.5;M:.5;Y:1;B:1;H:1;J:1.25;C:1.25;D:1.25;Z:1.25;A:1.5;F:1.5;,,,,,,,,,,K:.25;L:.25;M:.25;N:.25;Q:.25;S:.25;V:.25;Y:1;B:1;H:1;R:1;E:1;W:1.1;J:1.25;C:1.25;D:1.25;I:1.25;F:1.5;A:1.5;,K:.25;L:.25;M:.25;N:.25;Q:.25;S:.25;V:.25;Y:1;B:1;H:1;R:1;E:1;W:1.1;J:1.25;C:1.25;D:1.25;I:1.25;F:1.5;A:1.5;,,,,M:.25;K:.25;L:.25;N:.25;G:.25;Q:.25;S:.25;V:.25;O:.25;Y:1;B:1;H:1;W:1;T:1;R:1;J:1.25;C:1.25;D:1.25;I:1.25;F:1.5;A:1.5;,,,G:.25;Q:.25;N:.25;O:.25;S:.25;H:.5;K:.5;M:.5;L:.5;V:.5;Y:1;P:1;W:1.1;J:1.25;D:1.25;I:1.25;C:1.25;R:1.25;f:1.5;a:1.5;,H:.25;Q:.25;L:.25;V:.25;K:.25;G:.25;T:.25;R:.25;U:.25;M:.5;B:.5;Y:1;S:1;F:1.5;P:1.5;,,,,T:.25;O:.25;W:.25;G:.25;K:.5;M:.5;L:.5;V:.5;S:.5;N:.5;Q:.5;Y:1;B:1;H:1;C:1.25;J:1.25;D:1.25;I:1.25;R:1.25;F:1.5;P:1.5;A:1.5;,,,,F:3;A:2.5;J:2.5;C:2.5;D:2.5;R:1.5;I:1.5;W:1.5;E:1;T:1;Y:1;B:1;K:.5;L:.5;M:.5;N:.5;S:.5;V:.5;Q:.25;O:.25;G:.25;,A:.25;G:.25;N:.25;O:.25;Q:.25;R:.25;S:.25;W:.25;Z:.25;K:.5;M:.5;P:.5;T:.5;L:.5;V:.5;H:.7;B:1;Y:1;J:1.25;C:1.25;D:1.25;I:1.25;, ,A:.25;Q:.25;O:.25;G:.25;K:.5;L:.5;M:.5;N:.5;S:.5;V:.5;X:.5;Y:1;B:1;H:1;P:1;W:1.1;J:1.25;C:1.25;D:1.25;R:1.25;I:1.25;,A:.25;Q:.25;O:.25;G:.25;K:.5;L:.5;M:.5;N:.5;S:.5;V:.5;X:.5;Y:1;B:1;H:1;P:1;W:1.1;J:1.25;C:1.25;D:1.25;R:1.25;I:1.25;,H:.25;K:.25;L:.25;M:.25;N:.25;O:.25;Q:.25;V:.25;W:.25;S:.25;B:1;Y:1;J:1.25;C:1.25;D:1.25;I:1.25;Z:1.25;,M:.25;L:.25;V:.25;T:.25;R:.25;S:.25;N:.25;Q:.25;O:.25;W:.25;Y:1;B:1;H:1;K:1;J:1.25;C:1.25;D:1.25;,J:1.25;C:1.25;D:1.25;I:1;Y:1;B:1;P:1;H:1;K:1;M:.5;E:.5;W:.5;L:.5;V:.5;R:.25;S:.25;N:.25;Q:.25;O:.25;,,L:.25;S:.25;R:.25;W:.25;Y:1;M:1;N:1;D:1.5;C:2.5;J:2.5;,H:.25;K:.25;Q:.25;O:.25;X:.25;W:.25;V:.25;N:.25;U:.25;R:.25;E:.25;P:.25;A:.25;M:.5;Y:1;S:1;C:1.25;I:1.25;D:1.25;B:.25;L:.25;T:.25;,,,,,,,,,,,,,,,,,,,,,,
AY,,,,,,,,,,,,,,,,,,,,,,,,,,,,,,,,,A:1.5;F:1.5;C:1.25;D:1.25;J:1.25;X:1.25;I:.7;B:1;E:1;W:1;Y:1;H:.7;K:.7;M:.7;G:.5;L:.5;O:.5;R:.5;S:.5;V:.5;N:.3;Q:.3;,,A:1.5;F:1.5;C:1.25;D:1.25;J:1.25;Z:1.25;Y:1;B:1;H:1;K:.5;M:.5;V:.25;L:.25;S:.25;,,,,,,,,,,A:1.5;F:1.5;C:1.25;D:1.25;I:1.25;J:1.25;W:1;R:1;E:1;Y:1;B:1;H:1;K:1;L:1;M:1;V:1;N:.5;O:.5;Q:.5;S:.5;economy:.25;,A:1.5;F:1.5;C:1.25;D:1.25;I:1.25;J:1.25;W:1;R:1;E:1;Y:1;B:1;H:1;K:1;L:1;M:1;V:1;N:.5;O:.5;Q:.5;S:.5;economy:.25;,,,,A:1.5;F:1.5;C:1.25;J:1.25;I:1.25;D:1.25;Y:1;B:1;H:1;K:1;W:1;R:1;T:1;L:.5;M:.5;S:.5;G:.5;V:.5;N:.25;O:.25;Q:.25;,,,A:1.5;F:1.5;P:1.5;D:1.25;I:1.25;J:1.25;R:1.25;Y:1;B:1;C:1;H:1;K:1;M:1;L:1;V:1;W:1;G:1;N:1;Q:1;S:1;,F:2;P:2;Y:1;S:1;M:1;B:1;H:.5;Q:.5;L:.5;V:.5;K:.5;G:.5;T:.5;R:.5;,,,,F:1.5;P:1.5;A:1.5;I:1.25;J:1.25;C:1.25;D:1.25;R:1.25;Y:1;B:1;H:1;K:1;M:1;L:.5;V:.5;S:.5;N:.5;T:.5;Q:.5;O:.25;W:.25;G:.25;,,,,A:1.5;F:1.5;C:1.25;D:1.25;I:1.25;J:1.25;R:1.25;E:1;T:1;W:1;B:1;Y:1;H:.7;K:.5;L:.5;M:.5;N:.5;S:.5;V:.5;G:.25;O:.25;Q:.25;,C:2;D:2;I:2;J:2;Y:1.5;B:1.5;H:1.5;K:1;M:1;P:1;T:1;V:.5;L:.5;N:.5;S:.5;Q:.5;O:.5;Z:.5;R:.5;A:.25;W:.25;G:.25;,J:1.25;C:1.25;D:1.25;R:1.25;I:1.25;W:1;E:1;T:1;Y:1;B:1;H:1;K:.5;M:.5;Z:.5;L:.5;S:.5;V:.5;G:.5;N:.5;F:.5;Q:.25;O:.25;P:.25;A:.25;,,,C:1.25;D:1.25;J:1.25;Y:1;B:1;H:.5;K:.5;M:.5;V:.5;S:.5;,C:1.25;D:1.25;J:1.25;Y:1;B:1;H:1;K:1;S:.25;R:.25;T:.25;V:.25;L:.25;M:.25;N:.25;Q:.25;O:.25;,J:1.5;C:1.25;D:1.25;I:1;Y:.8;B:.8;H:.8;P:.8;K:.7;W:.7;M:.7;E:.7;L:.5;R:.5;V:.5;S:.5;N:.3;Q:.3;O:.3;,,,,E:1.5;F:1.5;J:1;Y:1;A:.5;I:.5;,,,,,,,,C:1.25;D:1.25;J:1.25;Y:1;M:1;E:1;A:1;B:1;K:1;Q:1;T:.5;V:.5;H:.5;L:.5;S:.5;O:.5;N:.5;P:.5;U:.5;G:.5;,C:1;D:1;J:1;M:1;E:1;B:1;K:1;P:1;H:.5;L:.5;S:.5;F:.5;T:.5;U:.5;Y:.5;W:.5;X:.5;N:.5;Q:.5;A:.25;O:.25;V:.25;,,,,,,,,,,,,
IB,,,,,,,,,,,,,,,,,,,,,,,,,,,,,,,,,F:1.5;A:1.5;J:1.25;D:1.25;X:1.25;C:1.25;I:.7;E:1;W:1;Y:1;B:1;H:.7;K:.7;M:.5;L:.5;V:.5;S:.5;O:.5;G:.5;R:.5;N:.25;Q:.25;,,F:1.5;A:1.5;J:1.25;C:1.25;D:1.25;Z:1.25;Y:1;B:1;H:1;K:.5;M:.25;L:.25;V:.25;S:.25;,,,,,,,,,,F:1.5;A:1.5;J:1.25;C:1.25;D:1.25;I:1.25;W:1.1;R:1;E:1;Y:1;B:1;H:.5;K:.5;M:.5;L:.5;V:.5;,F:1.5;A:1.5;J:1.25;C:1.25;D:1.25;I:1.25;W:1.1;R:1;E:1;Y:1;B:1;H:.5;K:.5;M:.5;L:.5;V:.5;,,,,F:1.5;A:1.5;J:1.25;C:1.25;D:1.25;I:1.25;W:1;R:1;T:1;Y:1;B:1;H:1;K:.5;L:.5;M:.5;S:.5;V:.5;N:.25;O:.25;Q:.25;G:.25;,,,F:1.5;A:1.5;J:1.25;D:1.25;R:1.25;I:1.25;W:1.1;P:1;Y:1;C:1;H:.5;K:.5;L:.5;M:.5;V:.5;S:.5;N:.25;O:.25;Q:.25;G:.25;,,,,,F:1.5;A:1.5;P:1.5;J:1.25;C:1.25;D:1.25;I:1.25;R:1.25;Y:1;B:1;H:1;K:.5;L:.5;M:.5;V:.5;S:.5;N:.5;Q:.5;T:.5;W:.25;O:.25;G:.25;,,,,F:3;A:2.5;J:2.5;C:2.5;D:2.5;R:1.5;I:1.5;W:1.5;E:1;T:1;Y:1;B:1;H:1;K:.5;N:.5;M:.5;L:.5;S:.5;V:.5;Q:.25;O:.25;G:.25;,C:1.25;J:1.25;D:1.25;I:1.25;Y:1;B:1;H:1;K:.5;M:.5;P:.5;T:.5;L:.5;V:.5;S:.5;N:.5;Q:.25;O:.25;Z:.25;R:.25;G:.25;A:.25;W:.25;,F:3;J:2.5;C:2.5;D:2.5;R:1.5;I:1.5;W:1.5;E:.25;T:.25;Y:1;B:1;H:1;K:.5;L:.5;M:.5;F:.5;V:.5;S:.5;Z:.5;N:.5;G:.5;O:.25;A:.25;Q:.25;,J:1.25;D:1.25;I:1.25;C:1.25;Z:1.25;W:1.1;Y:1;B:1;H:1;P:1;K:.5;M:.5;V:.5;L:.5;X:.5;S:.5;N:.5;O:.25;Q:.25;G:.25;A:.25;,J:1.25;D:1.25;I:1.25;C:1.25;Z:1.25;W:1.1;Y:1;B:1;H:1;P:1;K:.5;M:.5;V:.5;L:.5;X:.5;S:.5;N:.5;O:.25;Q:.25;G:.25;A:.25;,J:1.25;C:1.25;D:1.25;Z:1.25;I:1.25;Y:1;B:1;H:1;P:.5;K:.5;R:.5;M:.5;V:.5;W:.25;S:.25;N:.25;L:.25;O:.25;Q:.25;,C:1.25;J:1.25;D:1.25;Y:1;B:1;H:1;K:.5;M:.5;R:.5;T:.5;V:.5;L:.5;S:.5;N:.25;O:.25;Q:.25;W:.25;,J:1.5;C:1.25;D:1.25;I:1;Y:.8;B:.8;P:.8;H:.8;K:.7;W:.7;M:.7;E:.7;L:.5;R:.5;V:.5;S:.5;N:.25;Q:.25;O:.25;,,,,F:1.5;E:1.5;J:1.25;I:.7;Y:1;A:.7;,J:1.25;C:1.25;D:1.25;A:1.25;K:1.25;Y:1;B:1;M:1;H:.5;Q:.5;V:.5;E:.5;L:.5;O:.5;P:.25;Z:.25;W:.25;S:.25;G:.25;,C:1.25;Y:1;R:1;Z:.5;N:.5;K:.5;L:.25;H:.25;E:.25;,C:1.5;I:1.5;Y:1;L:1;X:.5;H:.5;W:.5;K:.5;V:.5;N:.25;Q:.25;U:.25;R:.25;O:.25;E:.25;P:.25;A:.25;B:.25;T:.25;M:.25;S:.25;,C:1.25;D:1.25;J:1.25;Y:1;B:1;M:.5;Q:.5;O:.5;K:.5;H:.5;T:.5;V:.5;X:.5;L:.5;U:.5;W:.25;P:.25;R:.25;,J:1.25;C:1.25;D:1.25;K:1.25;A:1.25;Y:1;B:1;M:1;H:.5;Q:.5;V:.5;E:.5;L:.5;O:.5;P:.25;Z:.25;W:.25;S:.25;G:.25;,W:1;E:1;T:1;Y:1;B:1;H:1;K:1;M:1;L:1;F:1;S:1;V:1;G:1;Z:1;N:1;Q:.5;O:.5;A:.5;,W:1.5;E:1;T:1;Y:1;B:1;H:1;K:.5;M:.5;L:.5;V:.25;S:.25;N:.25;Q:.1;O:.1;A:.1;,,,,,,,,,,,,,,
JJ,,,,,,,,,,,,,,,,,,,,,,,,,,,,,,,,,,,,,,,,,,,,,,,,,,,,,,,,,,,,,,,,,,,,,,,,,,,,,,,,,,,,,,,,,,,,,,
LA,,,,,,,,,,,,,,,,,,,,,,,,,,,,,,,,,,,,,,,,,,,,,,,,,,,,,,,,,,,,,,,,,,,,,,,,,,,,,,,,,,,,,,,,,,,,,,
RJ,,,,,,,,,,,,,,,,,,,,,,,,,,,,,,,,,,,,,,,,,,,,,,,,,,,,,,,,,,,,,,,,,,,O:.25;P:.25;W:.25;L:.5;V:.5;S:.5;N:.5;Q:.5;Y:1;B:1;H:1;K:1;M:1;I:1.25;D:1.35;C:1.35;J:1.5;,,,,,,,,,,,,,,,,,,,,,,,,,,,
S7,,,,,,,,,,,,,,,,,,,,,,,,,,,,,,,,,B:.25;H:.25;K:.25;M:.25;L:.25;V:.25;S:.25;Q:.25;N:.25;O:.25;G:.25;R:.25;Y:1;I:.25;J:1.25;C:1.25;D:1.25;X:1.25;E:.25;W:1;F:1.5;A:1.5;,,K:.25;M:.25;L:.25;V:.25;S:.25;Y:1;B:1;H:1;J:1.25;C:1.25;D:1.25;Z:1.25;F:1.5;A:1.5;,,,,,,,,,,Y:1;B:1;H:1;W:1.1;R:1.1;E:1.1;J:1.25;C:1.25;D:1.25;A:1.5;F:1.5;,,,,,L:.25;M:.25;S:.25;V:.25;Y:1;B:1;H:1;K:1;W:1.1;R:1.1;T:1.1;J:1.25;C:1.25;D:1.25;I:1.25;F:1.5;A:1.5;,,,L:.25;M:.25;W:.25;N:.25;O:.25;Q:.25;S:.25;G:.25;V:.25;Y:1;H:1;K:1;J:1.25;D:1.25;I:1.25;R:1.25;A:1.5;F:1.5;P:1.5;,,V:.25;X:.25;T:.25;L:.25;Q:.25;H:.25;K:.25;U:.25;B:.25;M:.25;Y:1;E:1;R:1;W:1;J:1.25;C:1.25;I:1.25;O:1.25;P:1.25;F:1.5;A:1.5;,,,K:.25;M:.25;G:.25;L:.25;V:.25;S:.25;N:.25;T:.25;Q:.25;O:.25;W:.25;Y:1;B:1;H:1;C:1.25;J:1.25;D:1.25;I:1.25;R:1.25;F:1.5;P:1.5;A:1.5;,,,,G:.25;K:.25;L:.25;M:.25;N:.25;O:.25;Q:.25;S:.25;V:.25;Y:1;B:1;H:1;W:1;E:1;T:1;J:1.25;C:1.25;D:1.25;R:1.25;I:1.25;F:1.5;A:1.5;,M:.25;P:.25;T:.25;V:.25;S:.25;L:.25;N:.25;O:.25;Q:.25;Z:.25;R:.25;Y:1;B:1;H:1;K:1;J:1.25;C:1.25;D:1.25;I:1.25;,N:.25;Q:.25;O:.25;A:.25;K:.5;M:.5;L:.5;F:.5;V:.5;S:.5;Z:.5;Y:1;B:1;H:1;W:1;E:1;T:1;J:1.25;C:1.25;D:1.25;I:1.25;R:1.25;,I:2;D:2;C:2;J:2;Z:1.5;W:1.5;P:1.5;H:1.5;B:1.5;Y:1.5;K:1;L:1;M:1;S:.5;V:.5;X:.5;A:.25;Q:.25;O:.25;N:.25;G:.25;,I:2;D:2;C:2;J:2;Z:1.5;W:1.5;P:1.5;H:1.5;B:1.5;Y:1.5;K:1;L:1;M:1;S:.5;V:.5;X:.5;A:.25;Q:.25;O:.25;N:.25;G:.25;,K:.25;M:.25;V:.25;S:.25;Q:.25;L:.25;N:.25;Y:1;B:1;H:1;J:1.25;C:1.25;D:1.25;,A:1;W:1;O:1;Q:1;N:1;S:1;R:1;T:1;J:1.5;C:1.5;D:1.5;V:1;L:1;M:1;K:1;H:1;B:1;Y:1;,K:.25;W:.25;M:.25;E:.25;L:.25;R:.25;V:.25;S:.25;N:.25;Q:.25;O:.25;Y:1;B:1;P:1;H:1;J:1.25;C:1.25;D:1.25;I:1.25;,,,,A:.25;Y:1;I:.25;J:1;E:1.25;F:1.5;,,,,,,,,,,,,,,,,,,,,,
UL,,,,,,,,,,,,,,,,,,,,,,,,,,,,,,,,, F:1.5;A:1.5; J:1.25;C:1.25;D:1.25;X:1.25; I:.7; W:1;E:1; Y:1;B:1; H:.7;K:.7;M:.7; L:.5;V:.5;S:.5;O:.5;G:.5;R:.5; Q:.3;N:.3;,,F:1.5;A:1.5;J:1.25;C:1.25;D:1.25;Z:1;Y:1;B:1;H:1;K:.5;M:.5;L:.5;V:.5;S:.5;N:.5;,,,,,,P:4;A:2.5;F:2.5;R:2.5;J:1.75;C:1.75;D:1.75;W:1.3;Z:1.15;Y:1;B:1;H:1;K:.75;M:.75;L:.75;Q:.75;U:.5;V:.5;G:.5;E:.25;T:.25;,,,,F:1.5;A:1.5;J:1.25;C:1.25;D:1.25;I:1.25;W:1.1;R:1.1;E:1.1;Y:1;B:1;H:1;K:.5;M:.5;L:.5;V:.5;,,,,, F:1.5;A:1.5; J:1.25;C:1.25;D:1.25;I:1.25; W:1.1;R:1.1;T:1.1; Y:1; B:.75;H:.75; K:.5;G:.5;M:.5;L:.5;V:.5;S:.5;,,, A:1.5;F:1.5; J:1.5;D:1.5;I:1.5;R:1.5; W:1.1; P:1; Y:1; H:.75;K:.75;M:.75;L:.75;V:.75;G:.75; N:.5;S:.5; O:.25;Q:.25;,F:1.75;P:1.75;Y:1.5;S:1.5;M:1.25;B:1.25;H:1;Q:1;L:1;V:1;K:1;G:1;T:1;R:1;,,,,F:1.5;P:1.5;A:1.5;J:1.25;C:1.25;D:1.25;I:1;R:1;Y:.8;B:.8;H:.8;K:.7;M:.7;L:.5;V:.5;S:.5;N:.3;Q:.3;G:.25;T:.25;W:.25;O:.25;,,,, F:1.5;A:1.5; J:1.25;C:1.25;D:1.25;R:1.25;I:1.25; W:1;E:1;T:1; Y:1;B:1;H:1; K:.5;M:.5;L:.5;N:.5; Q:.25;O:.25;G:.25;S:.25;V:.25;,J:1.25;C:1.25;D:1.25;I:1.25;Y:1;B:1;H:1;K:.5;M:.5;P:.5;T:.5;V:.25;L:.25;N:.25;S:.25;Q:.25;O:.25;R:.25;Z:.25;,J:1.25;C:1.25;D:1.25;R:1.25;I:1.25;W:1;E:1;T:1;Y:1;B:1;H:1;K:.5;L:.5;F:.5;M:.5;V:.5;S:.5;G:.5;Z:.5;N:.25;Q:.25;O:.25;A:.25;,J:1.25;C:1.25;D:1.25;I:1.25;Z:1.25;W:1.25;P:1.25;Y:1;B:1;H:1;K:1;M:1;L:1;V:1;X:1;S:1;N:1;Q:1;O:1;G:1;A:1;,J:1.25;C:1.25;D:1.25;I:1.25;Z:1.25;W:1.25;P:1.25;Y:1;B:1;H:1;K:1;M:1;L:1;V:1;X:1;S:1;N:1;Q:1;O:1;G:1;A:1;,J:1.5;C:1.25;D:1.25;I:1;Z:1;Y:.8;B:.8;H:.8;K:.8;M:.8;L:.5;V:.5;S:.5;N:.5;Q:.5;O:.25;P:.25;W:.25;, J:1.25;C:1.25;D:1.25; Y:1;B:1;H:1;K:1; L:.25;S:.25;V:.25;M:.25;T:.25;R:.25;N:.25;Q:.25;O:.25;,J:2;C:1.75;D:1.5;I:1.25;Y:1.25;B:1.25;P:1.25;H:1.25;K:1;W:1;M:1;E:1;L:.8;R:.8;V:.8;S:.8;N:.5;Q:.5;O:.5;,,J:2;C:2;D:2;Y:1;B:1;H:1;K:.5;V:.5;M:.5;N:.5;L:.25;S:.25;R:.25;W:.25;,,F:1.5;E:1.25;J:1.1;I:.85;Y:1;A:.75;,,,,,,,,,,,,,,,,,,,,,
GF,,,,,,,,,,,,,,,,,,,,,,,,,,,,,,,,,,,,,,,,,,,,,,,,,,,,,,,,,,,,,,,,,,,,,,,,,,,,,,,,,,,,,,,,,,,,,,
AS,,,,,,,,,P:5;F:3.65;J:2.35;C:2.25;D:2.25;I:2.25;R:2.25;Z:2;Y:1;B:1;M:1;W:1;S:1;H:1;E:1;K:.75;L:.5;U:.5;Q:.5;N:.5;T:.5;,,,,,,,,,,,,,,,,,,,,,,,,F:3.5;A:3.5;J:2.25;C:2.25;D:2.25;X:2.25;I:1.7;W:1;E:1;Y:1;B:1;H:.7;K:.7;M:.7;L:.5;V:.5;S:.5;O:.5;G:.5;R:.5;Q:.55;N:.3;,,,,,,,,,,,,F:3.5;A:3.5;J:2.25;C:2.25;D:2.25;I:2.25;W:1.1;E:1.1;R:1.1;Y:1;B:1;H:1;K:1;L:.5;M:.5;V:.5;Q:.25;O:.25;S:.25;N:.25;G:.25;,F:3.5;A:3.5;J:2.25;C:2.25;D:2.25;I:2.25;W:1.1;E:1.1;R:1.1;Y:1;B:1;H:1;K:1;L:.5;M:.5;V:.5;Q:.25;O:.25;S:.25;N:.25;G:.25;,J:2.25;C:2.25;D:2.25;I:2.25;Z:2;Y:1;B:1;H:1;L:1;O:1;K:1;W:1;Q:1;S:1;M:1;V:1;G:1;T:.5;N:.5;R:.5;,,,F:3.5;A:3.5;J:2.25;C:2.25;D:2.25;I:2.25;R:1.1;W:1.1;T:1.1;V:1;S:1;Q:1;O:1;N:1;M:1;L:1;G:1;K:1;H:1;B:1;Y:1;,,,F:2;A:1.5;J:2;D:1.5;I:1.5;R:1.5;W:1.1;P:1;H:1;K:1;L:1;M:1;Y:1;G:.75;V:.75;N:.5;S:.5;Q:.25;O:.25;,,F:3.5;A:3.5;P:3.5;J:2.25;C:2.25;O:2.25;I:2.25;Y:1;E:1;R:1;W:1;M:.5;B:.5;U:.5;K:.5;Q:.5;L:.5;T:.5;V:.5;X:.5;H:.5;G:.25;,,,,F:3.5;A:3.5;Z:2.25;C:2.25;J:2.25;U:2;D:2;S:1;T:1;P:1;Y:1;B:1;E:.75;M:.75;W:.5;H:.5;,,R:2;F:2;Z:1.5;A:1.25;C:2.5;D:2.25;I:2;Y:1.25;B:1;H:1;K:1;L:1;M:1;Q:.5;X:.5;W:.5;U:.5;V:.5;N:.25;E:.25;,F:5;A:4.5;J:3.5;C:3.5;D:3.5;R:2.5;I:2.5;W:1.5;E:1;T:1;K:1;L:1;M:1;N:1;S:1;V:1;Q:.5;O:.5;G:.5;,J:3;C:3;D:3;I:1.25;Y:1;B:1;H:1;M:.5;K:.5;P:.5;T:.5;V:.5;L:.5;N:.5;S:.5;Q:.5;O:.5;Z:.5;R:.5;A:.25;W:.25;G:.25;,,J:2.25;D:2.25;I:2.25;C:2.25;Z:2.25;W:1;Y:1;B:1;H:1;K:1;M:1;L:1;V:1;S:1;N:1;Q:1;O:1;G:1;X:.5;U:.5;A:.5;,,,,,,,,F:3.5;E:1.25;J:1.1;I:.85;Y:1;A:.75;,,,,,,,,C:2.5;D:2.5;J:2.5;Y:1.25;E:1.25;A:1.25;M:1;B:1;K:1;Q:1;G:.5;T:.5;V:.5;H:.5;L:.5;S:.5;A:.5;U:.25;N:.25;,,BUSINESS:3;PREMIUM_ECONOMY:1.25;ECONOMY_FLEX:1;ECONOMY_BASE:.75;ECONOMY_PROMOTION:.5;,Y:1;S:1;B:1;M:1;H:1;Q:1;L:1;M:1;K:1;G:1;T:1;W:1;X:1;N:1;Z:1;,Y:1;A:1;S:1;B:1;M:1;H:1;Q:1;L:1;V:1;K:1;G:1;T:1;,,,,,,,,,
B6,,,,,,,,,,,,,,,,,,,,,,,,,,Y:.5;W:.5;Q:.5;V:.5;B:.5;S:.5;N:.25;M:.25;I:.25;H:.25;G:.25;K:.25;L:.25;A:.5;F:.75;J:.75;P:.75;,,,,,,,,,,,,,,,,,,,,,,,,,C:1.25;J:1.25;Z:1.25;D:1.25;Y:1;B:1;M:1;K:1;H:1;S:1;Q:1;T:.5;V:.5;L:.5;W:.5;G:.5;,,,,F:1.5;A:1.5;P:1.5;C:1.25;J:1.25;I:1.25;O:1.25;Y:1;E:1;R:1;W:1;M:.5;B:.5;U:.5;K:.5;Q:.5;L:.5;T:.5;V:.5;X:.5;H:.5;,,,,Z:1;C:1;J:1;D:1;U:1;S:.5;T:.5;P:.5;Y:.5;B:.5;E:.5;M:.5;H:.5;W:.5;L:.5;,,,,,,,,,,,,,,,,,,,,,,C:1.25;D:1.25;J:1.25;Y:1;E:1;A:1;M:.5;B:.5;K:.5;Q:.5;T:.5;V:.5;H:.5;G:.5;L:.5;S:.5;O:.5;,,,,,[3],,,,,,,,
CX,,,,,,,,,,,,,,,,,,,,,,,,,,,,,,,,,,,,,,,,,,,,,,,,,,,,,,,,,,,,,,,,,,,,,,,,,,,,,,,,,,,,,,,,,,,,,,
QF,,,,,,,,,,,,,,,,,,,,,,,,,,,,,,,,,,,,,,,,,,,,,,,,,,,,,,,,,,,,,,,,,,,,,,,,,,,,,,,,,,,,,,,,,,,,,,
EK,,,,,,,,,,,,,,,,,,,,,,,,,,,,,,,,,,,,,,,,,,,,,,,,,,,,,,,,,,,,,,,,,,,,,,,,,,,,,,,,,,,,,,,,,,,,,,
EY,,,,,J:3;C:3;D:3;I:3;E:3;P:2;A:2;Y:1.5;B:1.5;M:1.5;H:1.5;K:1;V:1;T:1;N:.5;S:.5;Q:.5;X:.5;,,C:1.5;L:1.5;D:1.25;F:1.25;T:1;Y:1;J:1;W:.75;P:.75;E:.75;A:.75;U:.5;N:.5;B:.5;,,P:1.8;F:1.5;J:1.25;I:1.25;C:1.25;D:1.25;R:1.25;Z:1;Y:1;B:1;M:1;S:1;H:1;E:1;K:1;L:1;U:1;W:1;Q:.5;N:.5;T:.5;,,,J:2;C:2;D:1.5;I:1.5;W:1.25;R:1.25;O:1.25;Y:1;B:1;H:1;K:1;L:1;E:.5;N:.5;V:.5;Q:.5;T:.5;U:.5;S:.5;M:.5;,,,,,,,,,,J:1.5;C:1.5;D:1.5;Y:1;M:1;B:1;H:1;K:1;T:1;A:.5;L:.5;X:.5;Q:.5;U:.5;,F:2;A:1.75;P:1.6;J:1.5;C:1.5;D:1.25;I:1.25;W:1;Y:1;B:1;M:.5;K:.5;N:.5;Q:.25;T:.25;,,,,,,,,,,,F:2;A:2;C:1.5;J:1.5;Z:1.5;I:1.5;P:1.5;Y:1;M:1;T:1;U:1;N:.75;L:.75;Q:.5;S:.5;K:.5;H:.5;V:.5;O:.5;W:.5;B:.5;,F:1.5;A:1.5;J:1.25;C:1.25;D:1.25;Z:1.25;Y:1;B:1;H:1;K:.5;M:.5;L:.25;V:.25;S:.25;,,,,,J:1.75;C:1.75;D:1.3;W:1.1;Y:1;H:1;B:1;M:.75;K:.75;V:.5;L:.5;Q:.5;T:.25;E:.25;U:.25;,[3],F:1.5;A:1.5;C:1.25;Z:1.25;J:1.25;D:1.25;P:1.25;Y:1;E:1;B:.7;S:.7;M:.7;K:.7;L:.7;H:.7;W:.7;U:.7;Q:.7;V:.7;T:.5;L:.5;K:.5;,,C:1.5;D:1.5;Y:1;M:1;K:1;N:1;T:1;L:1;H:1;V:.5;Q:.5;G:.5;B:.5;,,,,,,,C:1.25;D:1.25;J:1.25;Z:1.25;Y:1;B:1;M:1;K:1;H:1;S:1;Q:1;T:.5;V:.5;L:.5;W:.5;G:.5;,C:1.5;D:1.5;Z:1.5;J:1.5;U:1;E:1;O:1;A:1;Y:1;B:1;M:1;H:1;Q:1;V:1;W:1;T:1;,F:2.5;A:1.5;J:1.75;D:1.5;I:1.5;R:1.5;W:1.1;P:1;Y:1;M:1;H:1;K:1;L:1;V:.75;G:.75;N:.5;S:.5;Q:.25;O:.25;,,,,,,,,F:2;Z:1.5;A:1.25;C:1.5;D:1.5;I:1.25;R:1;Y:1.25;B:1;H:1;K:1;L:1;M:1;Q:.5;X:.5;U:.5;V:.5;N:.5;T:.5;E:.5;,,,,,,,,J:2;C:1.75;D:1.5;I:1.25;Y:1.25;B:1.25;P:1.25;H:1.25;K:1;W:1;M:1;E:1;L:.8;R:.8;V:.8;S:.8;N:.5;Q:.5;O:.5;,,,,,,,,J:1.5;C:1.5;D:1.5;Y:1;Q:.75;O:.75;K:.75;H:.75;T:.75;V:.75;X:.75;B:.75;M:.75;U:.5;L:.5;R:.5;W:.5;,,,,,,,,,,J:1.75;C:1.75;D:1.75;I:1.3;P:1.15;K:1;Y:1;M:1;H:.75;L:.75;V:.75;S:.75;G:.5;B:.5;Q:.5;W:.25;N:.25;,P:2;F:1.5;A:1.5;J:1.35;C:1.25;D:1.25;Z:1.25;U:1;Y:1;B:1;M:.5;H:.5;E:.5;Q:.5;K:.5;S:.5;T:.5;G:.5;V:.5;W:.5;,J:1.5;C:1.5;D:1.5;Z:1.5;Y:1;B:1;M:.5;U:.5;H:.5;Q:.5;V:.5;W:.25;S:.25;T:.25;E:.25;L:.25;K:.25;G:.25;,C:2;D:2;Z:2;J:1.5;Y:1.5;S:1.5;B:1.5;P:1.5;A:1.5;E:1;M:1;H:1;Q:1;W:1;U:.5;K:.5;L:.5;T:.5;O:.5;V:.5;G:.5;,W:1.25;N:1.25;Y:1;S:1;L:1;M:1;H:1;Q:1;V:.75;B:.75;X:.75;K:.75;E:.75;T:.75;U:.75;O:.75;,J:1.5;C:1.5;D:1.25;I:1.25;Z:1.25;W:1;N:1;Y:1;S:1;L:1;M:1;H:1;Q:1;V:1;B:1;X:1;K:1;E:.5;T:.5;U:.5;O:.5;,P:3;F:2.5;J:2;C:1.5;D:1.5;R:1.5;Y:1;H:.5;M:.5;B:.5;K:.25;I:.25;Q:.25;T:.25;N:.25;L:.25;O:.25;U:.25;G:.25;E:.25;,
JU,,,,,J:3;C:3;D:3;I:3;E:3;P:2;A:2;Y:1.5;B:1.5;M:1.5;H:1.5;K:1;V:1;T:1;N:.5;S:.5;Q:.5;X:.5;,,C:1.5;L:1.5;D:1.25;F:1.25;T:1;Y:1;J:1;W:.75;P:.75;E:.75;A:.75;U:.5;N:.5;B:.5;,,P:1.8;F:1.5;J:1.25;I:1.25;C:1.25;D:1.25;R:1.25;Z:1;Y:1;B:1;M:1;S:1;H:1;E:1;K:1;L:1;U:1;W:1;Q:.5;N:.5;T:.5;,,,J:2;C:2;D:1.5;I:1.5;W:1.25;R:1.25;O:1.25;Y:1;B:1;H:1;K:1;L:1;E:.5;N:.5;V:.5;Q:.5;T:.5;U:.5;S:.5;M:.5;,,,,,,,,,,J:1.5;C:1.5;D:1.5;Y:1;M:1;B:1;H:1;K:1;T:1;A:.5;L:.5;X:.5;Q:.5;U:.5;,F:2;A:1.75;P:1.6;J:1.5;C:1.5;D:1.25;I:1.25;W:1;Y:1;B:1;M:.5;K:.5;N:.5;Q:.25;T:.25;,,,,,,,,,,,F:2;A:2;C:1.5;J:1.5;Z:1.5;I:1.5;P:1.5;Y:1;M:1;T:1;U:1;N:.75;L:.75;Q:.5;S:.5;K:.5;H:.5;V:.5;O:.5;W:.5;B:.5;,F:1.5;A:1.5;J:1.25;C:1.25;D:1.25;Z:1.25;Y:1;B:1;H:1;K:.5;M:.5;L:.25;V:.25;S:.25;,,,,,J:1.75;C:1.75;D:1.3;W:1.1;Y:1;H:1;B:1;M:.75;K:.75;V:.5;L:.5;Q:.5;T:.25;E:.25;U:.25;,[3],F:1.5;A:1.5;C:1.25;Z:1.25;J:1.25;D:1.25;P:1.25;Y:1;E:1;B:.7;S:.7;M:.7;K:.7;L:.7;H:.7;W:.7;U:.7;Q:.7;V:.7;T:.5;L:.5;K:.5;,,C:1.5;D:1.5;Y:1;M:1;K:1;N:1;T:1;L:1;H:1;V:.5;Q:.5;G:.5;B:.5;,,,,,,,C:1.25;D:1.25;J:1.25;Z:1.25;Y:1;B:1;M:1;K:1;H:1;S:1;Q:1;T:.5;V:.5;L:.5;W:.5;G:.5;,C:1.5;D:1.5;Z:1.5;J:1.5;U:1;E:1;O:1;A:1;Y:1;B:1;M:1;H:1;Q:1;V:1;W:1;T:1;,F:2.5;A:1.5;J:1.75;D:1.5;I:1.5;R:1.5;W:1.1;P:1;Y:1;M:1;H:1;K:1;L:1;V:.75;G:.75;N:.5;S:.5;Q:.25;O:.25;,,,,,,,,F:2;Z:1.5;A:1.25;C:1.5;D:1.5;I:1.25;R:1;Y:1.25;B:1;H:1;K:1;L:1;M:1;Q:.5;X:.5;U:.5;V:.5;N:.5;T:.5;E:.5;,,,,,,,,J:2;C:1.75;D:1.5;I:1.25;Y:1.25;B:1.25;P:1.25;H:1.25;K:1;W:1;M:1;E:1;L:.8;R:.8;V:.8;S:.8;N:.5;Q:.5;O:.5;,,,,,,,,J:1.5;C:1.5;D:1.5;Y:1;Q:.75;O:.75;K:.75;H:.75;T:.75;V:.75;X:.75;B:.75;M:.75;U:.5;L:.5;R:.5;W:.5;,,,,,,,,,,J:1.75;C:1.75;D:1.75;I:1.3;P:1.15;K:1;Y:1;M:1;H:.75;L:.75;V:.75;S:.75;G:.5;B:.5;Q:.5;W:.25;N:.25;,P:2;F:1.5;A:1.5;J:1.35;C:1.25;D:1.25;Z:1.25;U:1;Y:1;B:1;M:.5;H:.5;E:.5;Q:.5;K:.5;S:.5;T:.5;G:.5;V:.5;W:.5;,J:1.5;C:1.5;D:1.5;Z:1.5;Y:1;B:1;M:.5;U:.5;H:.5;Q:.5;V:.5;W:.25;S:.25;T:.25;E:.25;L:.25;K:.25;G:.25;,C:2;D:2;Z:2;J:1.5;Y:1.5;S:1.5;B:1.5;P:1.5;A:1.5;E:1;M:1;H:1;Q:1;W:1;U:.5;K:.5;L:.5;T:.5;O:.5;V:.5;G:.5;,W:1.25;N:1.25;Y:1;S:1;L:1;M:1;H:1;Q:1;V:.75;B:.75;X:.75;K:.75;E:.75;T:.75;U:.75;O:.75;,J:1.5;C:1.5;D:1.25;I:1.25;Z:1.25;W:1;N:1;Y:1;S:1;L:1;M:1;H:1;Q:1;V:1;B:1;X:1;K:1;E:.5;T:.5;U:.5;O:.5;,P:3;F:2.5;J:2;C:1.5;D:1.5;R:1.5;Y:1;H:.5;M:.5;B:.5;K:.25;I:.25;Q:.25;T:.25;N:.25;L:.25;O:.25;U:.25;G:.25;E:.25;,
EI,,,,,,,,,,,,,,,,,,,,,,,,,,,,,,,,,,,,,,,,,,,,,F:1.5;A:1.5;J:1.25;D:1.25;C:1.25;I:1.25;W:1;R:1;E:1;Y:1;B:1;H:.5;L:.5;K:.5;M:.5;V:.5;,,,,,F:1.5;A:1.5;J:1.25;D:1.25;C:1.25;I:1.25;W:1.1;R:1.1;T:1.1;Y:1;B:1;H:1;K:.5;L:.5;M:.5;V:.5;S:.5;N:.25;O:.25;Q:.25;G:.25;,,,,,,,,,,,,F:3;A:2.5;J:2.5;D:2.5;C:2.5;I:1.5;R:1.5;W:1.5;E:1;T:1;Y:1;B:1;H:1;K:.5;L:.5;M:.5;V:.5;S:.5;N:.5;O:.25;Q:.25;G:.25;,,,,,,,,,[3],,,,,,,,,,,,,,,,,,,,,,,F:1;A:1;J:1;C:1;D:1;Z:1;P:1;Y:.75;B:.75;M:.75;E:.75;U:.75;H:.75;Q:.75;V:.75;W:.75;S:.5;T:.5;L:.5;K:.5;G:.5;N:.5;
OS,,,,,,,,,,,,,,,,,,,,,,,,,,,,,,,,,,,,,,,,,,,,,,,,,,,,,,,,,,,,,,,,,,,,,,,,,,,,,,,,,,,,,,,,,,,,,,
